Date,Temperature_C,Rainfall_mm,Arrivals_Tonnes,Min_Price,Max_Price,Modal_Price,Diesel_Price_Rs
2021-01-01,14.433334,0.1,20.0,900.0,1060.0,1000.0,74.0
2021-01-02,17.724998,0.2,20.0,1000.0,1100.0,1020.0,74.10493150684931
2021-01-03,18.918749,0.3,20.0,1000.0,1100.0,1020.0,74.10493150684931
2021-01-04,19.745834,0.0,18.0,1000.0,1100.0,1050.0,74.31479452054795
2021-01-05,18.86875,0.0,20.0,1000.0,1100.0,1020.0,74.41972602739726
2021-01-06,18.627085,0.0,14.0,800.0,1000.0,900.0,74.52465753424657
2021-01-07,16.541666,3.1000001,14.0,800.0,1000.0,900.0,74.52465753424657
2021-01-08,17.722918,0.0,15.0,850.0,950.0,900.0,74.73452054794521
2021-01-09,17.283335,0.0,20.0,780.0,870.0,800.0,74.83945205479452
2021-01-10,13.072917,0.0,20.0,780.0,870.0,800.0,74.83945205479452
2021-01-11,12.083335,0.0,12.0,780.0,850.0,800.0,75.04931506849314
2021-01-12,11.681249,0.0,12.0,800.0,900.0,850.0,75.15424657534247
2021-01-13,11.379166,0.0,20.0,780.0,860.0,800.0,75.25917808219178
2021-01-14,12.524999,0.0,20.0,780.0,830.0,800.0,75.36410958904109
2021-01-15,13.360416,0.0,25.0,700.0,800.0,750.0,75.4690410958904
2021-01-16,13.087501,0.0,25.0,700.0,800.0,760.0,75.57397260273973
2021-01-17,14.0666685,0.4,25.0,700.0,800.0,760.0,75.57397260273973
2021-01-18,15.556248,0.0,28.0,700.0,800.0,750.0,75.78383561643835
2021-01-19,15.229164,0.0,20.0,700.0,800.0,740.0,75.88876712328766
2021-01-20,14.299999,0.0,15.0,700.0,800.0,750.0,75.99369863013699
2021-01-21,13.868751,0.0,15.0,700.0,800.0,750.0,76.0986301369863
2021-01-22,14.089583,0.0,20.0,600.0,700.0,680.0,76.20356164383561
2021-01-23,14.791667,0.0,14.0,600.0,700.0,670.0,76.30849315068492
2021-01-24,13.316667,0.0,14.0,600.0,700.0,670.0,76.30849315068492
2021-01-25,11.450001,0.0,15.0,650.0,700.0,680.0,76.51835616438356
2021-01-26,12.939583,0.0,15.0,650.0,700.0,680.0,76.51835616438356
2021-01-27,12.618751,0.0,15.0,600.0,700.0,680.0,76.72821917808218
2021-01-28,12.254167,0.0,16.0,600.0,700.0,680.0,76.83315068493151
2021-01-29,12.039582,0.0,10.0,620.0,680.0,650.0,76.93808219178082
2021-01-30,12.591667,0.0,12.0,600.0,700.0,660.0,77.04301369863013
2021-01-31,14.777084,0.0,12.0,600.0,700.0,660.0,77.04301369863013
2021-02-01,15.631249,0.0,10.0,600.0,700.0,640.0,77.25287671232877
2021-02-02,16.737501,0.0,20.0,630.0,680.0,650.0,77.35780821917808
2021-02-03,18.497917,0.7,10.0,600.0,700.0,640.0,77.4627397260274
2021-02-04,16.687498,0.8,20.0,630.0,700.0,660.0,77.5676712328767
2021-02-05,14.875001,0.0,15.0,620.0,680.0,650.0,77.67260273972603
2021-02-06,14.783334,0.0,14.0,600.0,700.0,650.0,77.77753424657534
2021-02-07,15.033333,0.0,14.0,600.0,700.0,650.0,77.77753424657534
2021-02-08,17.581251,0.0,25.0,600.0,700.0,650.0,77.98739726027397
2021-02-09,18.664583,0.0,20.0,600.0,700.0,650.0,78.09232876712329
2021-02-10,18.7625,0.0,15.0,600.0,700.0,660.0,78.1972602739726
2021-02-11,17.93958,0.0,12.0,500.0,650.0,600.0,78.30219178082191
2021-02-12,18.574999,0.0,20.0,600.0,700.0,650.0,78.40712328767123
2021-02-13,18.291668,0.0,15.0,560.0,650.0,600.0,78.51205479452055
2021-02-14,19.24375,0.0,15.0,560.0,650.0,600.0,78.51205479452055
2021-02-15,19.904163,0.6,16.0,560.0,670.0,600.0,78.72191780821917
2021-02-16,19.9,0.0,20.0,560.0,650.0,600.0,78.82684931506849
2021-02-17,19.72917,0.0,20.0,600.0,700.0,640.0,78.93178082191781
2021-02-18,19.285418,0.0,5.0,600.0,700.0,650.0,79.03671232876712
2021-02-19,19.366667,0.0,6.0,640.0,700.0,660.0,79.14164383561643
2021-02-20,18.472916,0.0,15.0,600.0,700.0,670.0,79.24657534246575
2021-02-21,19.945833,0.0,15.0,600.0,700.0,670.0,79.24657534246575
2021-02-22,21.116667,0.0,16.0,600.0,700.0,680.0,79.45643835616438
2021-02-23,21.900002,0.0,15.0,600.0,700.0,660.0,79.5613698630137
2021-02-24,23.177084,0.0,15.0,600.0,700.0,670.0,79.666301369863
2021-02-25,23.737501,0.0,10.0,600.0,700.0,660.0,79.77123287671233
2021-02-26,24.629168,0.0,12.0,600.0,730.0,680.0,79.87616438356164
2021-02-27,23.877083,0.0,15.0,700.0,760.0,720.0,79.98109589041096
2021-02-28,22.40625,0.0,15.0,700.0,760.0,720.0,79.98109589041096
2021-03-01,20.922915,0.0,16.0,700.0,800.0,720.0,80.19095890410958
2021-03-02,21.083334,0.0,20.0,600.0,700.0,680.0,80.2958904109589
2021-03-03,23.40625,0.0,15.0,670.0,760.0,700.0,80.40082191780822
2021-03-04,23.116667,0.0,20.0,650.0,740.0,700.0,80.50575342465753
2021-03-05,22.639582,0.0,20.0,650.0,750.0,700.0,80.61068493150685
2021-03-06,25.418753,0.0,25.0,600.0,760.0,700.0,80.71561643835616
2021-03-07,25.224998,0.0,25.0,600.0,760.0,700.0,80.71561643835616
2021-03-08,25.885416,0.0,20.0,670.0,760.0,700.0,80.92547945205479
2021-03-09,25.275002,0.0,20.0,650.0,750.0,700.0,81.0304109589041
2021-03-10,25.062502,0.0,15.0,650.0,750.0,700.0,81.13534246575342
2021-03-11,24.466667,0.2,15.0,670.0,760.0,700.0,81.24027397260274
2021-03-12,24.135416,2.6,16.0,600.0,760.0,700.0,81.34520547945205
2021-03-13,24.0,0.0,20.0,700.0,780.0,720.0,81.45013698630137
2021-03-14,25.164583,0.0,20.0,700.0,780.0,720.0,81.45013698630137
2021-03-15,25.093748,0.0,20.0,700.0,840.0,800.0,81.66
2021-03-16,25.408333,0.0,20.0,700.0,800.0,760.0,81.64468085106382
2021-03-17,26.697916,0.0,15.0,700.0,800.0,740.0,81.62936170212765
2021-03-18,26.414583,0.3,20.0,700.0,800.0,740.0,81.61404255319148
2021-03-19,26.420835,0.0,15.0,700.0,800.0,740.0,81.59872340425531
2021-03-20,26.495834,0.0,20.0,700.0,800.0,730.0,81.58340425531915
2021-03-21,26.918753,0.0,20.0,700.0,800.0,730.0,81.58340425531915
2021-03-22,26.447916,0.0,15.0,700.0,780.0,720.0,81.55276595744681
2021-03-23,25.891668,0.0,20.0,670.0,800.0,720.0,81.53744680851064
2021-03-24,25.495832,0.0,20.0,700.0,780.0,720.0,81.52212765957447
2021-03-25,24.56875,0.0,15.0,690.0,800.0,720.0,81.5068085106383
2021-03-26,25.522913,0.0,16.0,700.0,800.0,750.0,81.49148936170212
2021-03-27,27.327082,0.0,20.0,700.0,800.0,750.0,81.47617021276595
2021-03-28,29.352083,0.0,20.0,700.0,800.0,750.0,81.47617021276595
2021-03-29,30.570833,0.0,20.0,700.0,800.0,750.0,81.47617021276595
2021-03-30,29.912498,0.0,15.0,700.0,800.0,720.0,81.43021276595745
2021-03-31,27.758333,0.0,20.0,700.0,780.0,720.0,81.41489361702128
2021-04-01,26.552084,0.0,15.0,700.0,800.0,740.0,81.3995744680851
2021-04-02,26.25,0.0,15.0,700.0,800.0,720.0,81.38425531914893
2021-04-03,27.008337,0.0,16.0,600.0,760.0,700.0,81.36893617021276
2021-04-04,29.574999,0.0,16.0,600.0,760.0,700.0,81.36893617021276
2021-04-05,30.747915,0.0,15.0,700.0,800.0,750.0,81.33829787234042
2021-04-06,31.1875,0.0,15.0,700.0,800.0,750.0,81.33829787234042
2021-04-07,30.287497,0.0,10.0,700.0,840.0,790.0,81.30765957446808
2021-04-08,29.535416,0.0,12.0,730.0,850.0,790.0,81.29234042553192
2021-04-09,28.831251,0.0,12.0,700.0,880.0,800.0,81.27702127659575
2021-04-10,29.993752,0.0,14.0,700.0,900.0,800.0,81.26170212765958
2021-04-11,30.020834,0.0,14.0,700.0,900.0,800.0,81.26170212765958
2021-04-12,31.293749,0.0,14.0,700.0,900.0,800.0,81.26170212765958
2021-04-13,31.764582,0.0,14.0,760.0,850.0,800.0,81.21574468085106
2021-04-14,32.075,0.0,15.0,700.0,870.0,800.0,81.20042553191489
2021-04-15,32.37084,0.0,15.0,700.0,870.0,800.0,81.20042553191489
2021-04-16,31.127083,0.0,10.0,800.0,900.0,850.0,81.16978723404254
2021-04-17,30.44375,0.0,12.0,800.0,900.0,860.0,81.15446808510639
2021-04-18,30.541666,0.0,12.0,800.0,900.0,860.0,81.15446808510639
2021-04-19,32.337498,0.0,10.0,800.0,900.0,860.0,81.12382978723404
2021-04-20,30.227087,0.0,10.0,800.0,900.0,870.0,81.10851063829787
2021-04-21,28.874998,0.0,12.0,800.0,900.0,850.0,81.0931914893617
2021-04-22,30.447916,0.0,12.0,800.0,900.0,880.0,81.07787234042553
2021-04-23,29.5375,0.0,12.0,800.0,900.0,860.0,81.06255319148936
2021-04-24,29.414583,0.0,10.0,850.0,950.0,900.0,81.04723404255319
2021-04-25,30.035418,0.0,10.0,850.0,950.0,900.0,81.04723404255319
2021-04-26,32.341667,0.0,10.0,800.0,1000.0,900.0,81.01659574468084
2021-04-27,34.195835,0.0,6.0,800.0,1000.0,900.0,81.00127659574468
2021-04-28,33.643745,0.0,10.0,900.0,1000.0,920.0,80.98595744680851
2021-04-29,31.618753,0.0,10.0,800.0,1000.0,900.0,80.97063829787234
2021-04-30,31.935417,0.1,10.0,800.0,1000.0,900.0,80.95531914893617
2021-05-01,31.629166,0.1,12.0,800.0,1000.0,900.0,80.94
2021-05-02,30.870834,0.0,12.0,800.0,1000.0,900.0,80.94
2021-05-03,33.079166,0.0,15.0,800.0,950.0,900.0,80.94
2021-05-04,32.20208,0.0,16.0,800.0,980.0,900.0,80.94
2021-05-05,32.5375,0.0,10.0,800.0,1000.0,900.0,80.94
2021-05-06,30.56875,0.2,12.0,870.0,1000.0,920.0,80.94
2021-05-07,31.564577,0.0,10.0,890.0,1000.0,920.0,80.94
2021-05-08,32.33958,0.0,12.0,850.0,1000.0,920.0,80.94
2021-05-09,32.160416,0.0,12.0,850.0,1000.0,920.0,80.94
2021-05-10,31.793753,0.1,15.0,900.0,1000.0,950.0,80.94
2021-05-11,30.656252,0.2,15.0,900.0,1000.0,950.0,80.94
2021-05-12,28.477087,4.6,10.0,900.0,1050.0,950.0,80.94
2021-05-13,30.160418,0.0,14.0,900.0,1000.0,950.0,80.94
2021-05-14,31.679169,0.0,10.0,900.0,1000.0,960.0,80.94
2021-05-15,32.80417,0.0,10.0,900.0,1000.0,960.0,80.94
2021-05-16,30.531252,1.1,10.0,900.0,1000.0,960.0,80.94
2021-05-17,26.954163,1.3000001,10.0,900.0,1000.0,950.0,80.94
2021-05-18,24.372917,24.300003,12.0,900.0,1000.0,960.0,80.94
2021-05-19,26.052078,7.4999995,10.0,900.0,1000.0,950.0,80.94
2021-05-20,27.158333,0.0,11.0,900.0,1080.0,980.0,80.94
2021-05-21,28.649996,0.0,10.0,900.0,1000.0,960.0,80.94
2021-05-22,29.829172,0.0,12.0,900.0,1050.0,980.0,80.94
2021-05-23,30.102083,0.0,12.0,900.0,1050.0,980.0,80.94
2021-05-24,30.527084,0.0,12.0,900.0,1000.0,990.0,80.94
2021-05-25,30.66667,0.0,10.0,900.0,1030.0,990.0,80.94
2021-05-26,31.552084,0.0,12.0,900.0,1070.0,980.0,80.94
2021-05-27,29.731249,0.0,10.0,900.0,1030.0,980.0,80.94
2021-05-28,29.1625,0.0,10.0,900.0,1050.0,980.0,80.94
2021-05-29,30.933332,0.0,10.0,900.0,1060.0,980.0,80.94
2021-05-30,33.8125,0.1,10.0,900.0,1060.0,980.0,80.94
2021-05-31,33.01458,0.0,14.0,900.0,1050.0,980.0,80.94
2021-06-01,32.8,0.0,8.0,900.0,1050.0,980.0,85.56
2021-06-02,33.264587,0.0,12.0,900.0,1020.0,980.0,85.56
2021-06-03,34.125,0.1,12.0,900.0,1020.0,980.0,85.56
2021-06-04,32.529163,0.2,13.0,900.0,1020.0,980.0,85.56
2021-06-05,34.81042,0.0,10.0,900.0,1060.0,990.0,85.56
2021-06-06,36.02708,0.0,10.0,900.0,1060.0,990.0,85.56
2021-06-07,36.302082,0.0,14.0,900.0,1060.0,990.0,85.56
2021-06-08,36.662502,0.0,13.0,900.0,1050.0,990.0,85.56
2021-06-09,32.083332,1.1,12.0,900.0,1040.0,970.0,85.56
2021-06-10,31.0625,8.2,12.0,900.0,1050.0,980.0,85.56
2021-06-11,30.768751,5.7999997,14.0,900.0,1020.0,980.0,85.56
2021-06-12,29.775,0.0,10.0,900.0,1090.0,980.0,85.56
2021-06-13,28.002085,0.7,10.0,900.0,1090.0,980.0,85.56
2021-06-14,30.039583,1.4000001,12.0,900.0,1050.0,980.0,85.56
2021-06-15,30.666664,0.8,12.0,900.0,1020.0,980.0,85.56
2021-06-16,29.32292,20.300001,10.0,900.0,1020.0,980.0,85.56
2021-06-17,27.616667,4.2999997,10.0,900.0,1020.0,980.0,85.56
2021-06-18,26.743752,13.0,12.0,900.0,1020.0,970.0,85.56
2021-06-19,28.250002,1.8000002,12.0,920.0,1100.0,1020.0,85.56
2021-06-20,29.762499,0.8000001,12.0,920.0,1100.0,1020.0,85.56
2021-06-21,31.606249,0.0,10.0,1000.0,1100.0,1020.0,85.56
2021-06-22,31.49375,0.0,12.0,900.0,1020.0,980.0,85.56
2021-06-23,30.354166,0.90000004,10.0,900.0,1020.0,980.0,85.56
2021-06-24,31.00625,0.0,12.0,900.0,1020.0,980.0,85.56
2021-06-25,31.041662,0.3,1.0,900.0,1020.0,980.0,85.56
2021-06-26,31.504168,0.2,12.0,900.0,1020.0,960.0,85.56
2021-06-27,32.327084,0.3,12.0,900.0,1020.0,960.0,85.56
2021-06-28,35.77083,0.0,12.0,900.0,1000.0,980.0,85.56
2021-06-29,37.564587,0.0,12.0,1000.0,1100.0,1020.0,85.56
2021-06-30,37.337498,0.0,10.0,1000.0,1100.0,1020.0,85.56
2021-07-01,34.583332,9.3,12.0,1000.0,1100.0,1020.0,89.38
2021-07-02,32.283337,0.4,14.0,1000.0,1100.0,1040.0,89.38
2021-07-03,34.05833,0.0,15.0,1000.0,1100.0,1050.0,89.38
2021-07-04,34.693752,0.0,15.0,1000.0,1100.0,1050.0,89.38
2021-07-05,34.939583,0.2,8.0,1000.0,1100.0,1050.0,89.38
2021-07-06,36.74375,0.0,14.0,1000.0,1100.0,1020.0,89.38
2021-07-07,35.493748,0.1,12.0,1000.0,1100.0,1060.0,89.38
2021-07-08,31.708334,0.3,12.0,1000.0,1100.0,1050.0,89.38
2021-07-09,32.19583,0.70000005,14.0,900.0,1100.0,1020.0,89.38
2021-07-10,29.887497,14.900001,10.0,1000.0,1100.0,1050.0,89.38
2021-07-11,30.018747,3.7999997,10.0,1000.0,1100.0,1050.0,89.38
2021-07-12,32.31458,0.1,12.0,1000.0,1100.0,1060.0,89.38
2021-07-13,32.779167,0.2,12.0,990.0,1080.0,1020.0,89.38
2021-07-14,33.072914,0.70000005,14.0,1000.0,1100.0,1020.0,89.38
2021-07-15,33.814583,0.3,12.0,900.0,1060.0,1000.0,89.38
2021-07-16,34.20625,0.3,10.0,900.0,1070.0,1000.0,89.38
2021-07-17,28.650002,58.800003,14.0,1000.0,1100.0,1020.0,89.38
2021-07-18,27.397913,19.2,14.0,1000.0,1100.0,1020.0,89.38
2021-07-19,27.077082,36.099995,12.0,900.0,1090.0,1020.0,89.38
2021-07-20,28.37292,10.299999,12.0,1000.0,1100.0,1020.0,89.38
2021-07-21,27.918749,32.8,12.0,900.0,1100.0,1000.0,89.38
2021-07-22,29.170832,7.7,14.0,1000.0,1100.0,1020.0,89.38
2021-07-23,29.987497,10.100001,14.0,900.0,1000.0,980.0,89.38
2021-07-24,30.26667,1.1,14.0,900.0,1000.0,980.0,89.38
2021-07-25,29.483332,6.0999994,14.0,900.0,1000.0,980.0,89.38
2021-07-26,28.652079,27.2,14.0,900.0,1000.0,960.0,89.38
2021-07-27,26.62708,27.400002,14.0,900.0,1000.0,970.0,89.38
2021-07-28,27.050001,28.0,12.0,900.0,1000.0,960.0,89.38
2021-07-29,27.072914,12.4,14.0,900.0,1000.0,960.0,89.38
2021-07-30,28.320831,21.800003,12.0,900.0,1040.0,970.0,89.38
2021-07-31,27.402084,15.699999,14.0,900.0,1020.0,980.0,89.38
2021-08-01,27.65,10.800002,14.0,900.0,1020.0,980.0,89.38
2021-08-02,27.60833,1.3000002,14.0,900.0,1020.0,980.0,90.26
2021-08-03,27.72083,1.4000001,14.0,900.0,1000.0,980.0,90.26
2021-08-04,28.320831,2.3,14.0,900.0,1020.0,980.0,90.26
2021-08-05,28.887505,12.4,14.0,900.0,1020.0,980.0,90.26
2021-08-06,28.637503,10.8,12.0,900.0,1020.0,980.0,90.26
2021-08-07,28.160421,9.0,14.0,900.0,1000.0,980.0,90.26
2021-08-08,27.714582,11.700001,14.0,900.0,1000.0,980.0,90.26
2021-08-09,28.425001,2.8000002,14.0,900.0,1000.0,980.0,90.26
2021-08-10,30.064583,0.5,14.0,900.0,1020.0,980.0,90.26
2021-08-11,29.787498,0.0,12.0,900.0,1000.0,970.0,90.26
2021-08-12,29.772919,0.1,14.0,900.0,1050.0,1000.0,90.26
2021-08-13,29.758333,0.0,14.0,900.0,1040.0,1000.0,90.26
2021-08-14,29.68958,0.2,14.0,900.0,1000.0,980.0,90.26
2021-08-15,30.077085,0.0,14.0,900.0,1000.0,980.0,90.26
2021-08-16,30.547918,0.0,14.0,900.0,1050.0,1000.0,90.26
2021-08-17,30.108332,0.7,14.0,900.0,1000.0,980.0,90.26
2021-08-18,28.606249,7.4999995,14.0,900.0,1020.0,980.0,90.26
2021-08-19,26.933334,24.1,14.0,900.0,1050.0,980.0,90.26
2021-08-20,27.31458,12.899999,15.0,900.0,1020.0,980.0,90.26
2021-08-21,28.429167,3.9,16.0,900.0,1020.0,980.0,90.26
2021-08-22,28.933329,6.4,16.0,900.0,1020.0,980.0,90.26
2021-08-23,28.939583,2.1,14.0,900.0,1040.0,990.0,90.26
2021-08-24,29.839584,0.7,15.0,900.0,1020.0,980.0,90.26
2021-08-25,29.454163,0.0,10.0,900.0,1020.0,980.0,90.26
2021-08-26,28.281248,0.0,14.0,800.0,1000.0,920.0,90.26
2021-08-27,28.235418,0.2,14.0,900.0,1000.0,940.0,90.26
2021-08-28,27.883331,10.7,14.0,900.0,1000.0,940.0,90.26
2021-08-29,26.835417,14.4,14.0,900.0,1000.0,940.0,90.26
2021-08-30,27.29167,13.099999,14.0,800.0,980.0,880.0,90.26
2021-08-31,28.477083,3.6,12.0,800.0,920.0,880.0,90.26
2021-09-01,29.275,1.3000001,14.0,800.0,920.0,890.0,89.15
2021-09-02,28.464584,6.5999994,14.0,800.0,950.0,890.0,89.15
2021-09-03,28.012503,8.6,15.0,800.0,950.0,880.0,89.15
2021-09-04,29.093752,0.4,14.0,800.0,1000.0,920.0,89.15
2021-09-05,29.560415,2.1,14.0,800.0,1000.0,920.0,89.15
2021-09-06,29.262505,1.3000001,14.0,800.0,1000.0,920.0,89.15
2021-09-07,28.225,2.7,10.0,800.0,1000.0,920.0,89.15
2021-09-08,27.883331,6.0999994,14.0,800.0,1000.0,930.0,89.15
2021-09-09,26.7125,14.5,14.0,900.0,1000.0,940.0,89.15
2021-09-10,26.993752,16.1,15.0,900.0,1000.0,950.0,89.15
2021-09-11,27.952082,7.2999997,12.0,900.0,1000.0,940.0,89.15
2021-09-12,28.381248,7.1,12.0,900.0,1000.0,940.0,89.15
2021-09-13,28.722916,1.7,14.0,850.0,1050.0,950.0,89.15
2021-09-14,26.714582,21.0,4.0,800.0,1000.0,920.0,89.15
2021-09-15,24.460417,88.4,1.0,800.0,1000.0,930.0,89.15
2021-09-16,26.022917,7.7,22.0,850.0,1000.0,930.0,89.15
2021-09-17,27.4625,1.3000001,24.0,800.0,1020.0,920.0,89.15
2021-09-18,28.081247,0.0,22.0,900.0,1000.0,950.0,89.15
2021-09-19,28.433336,0.6,22.0,900.0,1000.0,950.0,89.15
2021-09-20,28.29167,4.4,25.0,900.0,1020.0,980.0,89.15
2021-09-21,27.658333,6.4999995,25.0,900.0,1000.0,950.0,89.15
2021-09-22,27.862501,0.5,26.0,900.0,1000.0,940.0,89.15
2021-09-23,26.206247,9.4,28.0,900.0,1020.0,960.0,89.15
2021-09-24,26.008337,19.800001,26.0,900.0,1000.0,950.0,89.15
2021-09-25,26.395834,9.5,26.0,900.0,1000.0,940.0,89.15
2021-09-26,28.51458,2.5,26.0,900.0,1000.0,940.0,89.15
2021-09-27,28.137499,3.8,25.0,900.0,1000.0,950.0,89.15
2021-09-28,28.052084,5.4,26.0,900.0,1000.0,950.0,89.15
2021-09-29,28.077082,0.2,25.0,900.0,1000.0,940.0,89.15
2021-09-30,28.420835,1.5999999,24.0,900.0,1000.0,940.0,89.15
2021-10-01,28.454168,0.4,25.0,900.0,1000.0,950.0,90.59
2021-10-02,28.65417,0.3,25.0,850.0,1050.0,950.0,90.59
2021-10-03,28.843748,1.7,25.0,850.0,1050.0,950.0,90.59
2021-10-04,28.595833,0.1,25.0,850.0,1050.0,950.0,90.59
2021-10-05,28.377083,0.8,25.0,900.0,1000.0,950.0,90.59
2021-10-06,27.929163,0.0,2.5,900.0,1000.0,950.0,90.59
2021-10-07,27.137503,0.0,28.0,900.0,1090.0,1000.0,90.59
2021-10-08,27.272919,0.0,40.0,950.0,1100.0,1020.0,90.59
2021-10-09,27.46875,0.0,26.0,1000.0,1100.0,1050.0,90.59
2021-10-10,27.812498,0.0,26.0,1000.0,1100.0,1050.0,90.59
2021-10-11,27.722918,0.0,26.0,1000.0,1100.0,1020.0,90.59
2021-10-12,26.6875,0.0,14.0,900.0,1090.0,1000.0,90.59
2021-10-13,25.404167,0.0,30.0,900.0,1100.0,1000.0,90.59
2021-10-14,26.008333,0.0,30.0,900.0,1100.0,1000.0,90.59
2021-10-15,27.466667,0.0,30.0,900.0,1100.0,1000.0,90.59
2021-10-16,27.729166,3.0,14.0,900.0,1100.0,1020.0,90.59
2021-10-17,24.779167,94.8,14.0,900.0,1100.0,1020.0,90.59
2021-10-18,24.787504,1.3000001,24.0,1000.0,1100.0,1020.0,90.59
2021-10-19,24.42083,0.0,14.0,1000.0,1100.0,1020.0,90.59
2021-10-20,23.975,0.0,15.0,1000.0,1100.0,1030.0,90.59
2021-10-21,23.470839,0.0,24.0,900.0,1100.0,1020.0,90.59
2021-10-22,23.847916,0.0,28.0,1000.0,1100.0,1060.0,90.59
2021-10-23,24.187502,0.7,14.0,1000.0,1100.0,1060.0,90.59
2021-10-24,23.135416,0.0,14.0,1000.0,1100.0,1060.0,90.59
2021-10-25,22.222918,0.0,15.0,1000.0,1100.0,1050.0,90.59
2021-10-26,20.591665,0.0,24.0,1000.0,1130.0,1070.0,90.59
2021-10-27,20.745832,0.0,14.0,1000.0,1120.0,1080.0,90.59
2021-10-28,21.12292,0.0,15.0,1200.0,1300.0,1260.0,90.59
2021-10-29,21.102083,0.0,15.0,1200.0,1300.0,1270.0,90.59
2021-10-30,20.766668,0.0,15.0,1200.0,1320.0,1270.0,90.59
2021-10-31,21.1625,0.0,15.0,1200.0,1320.0,1270.0,90.59
2021-11-01,20.562498,0.0,26.0,1200.0,1320.0,1280.0,98.91
2021-11-02,21.791664,0.0,14.0,1200.0,1320.0,1270.0,98.91
2021-11-03,21.410418,0.0,14.0,1200.0,1300.0,1260.0,98.91
2021-11-04,21.375,0.0,15.0,1200.0,1320.0,1280.0,98.91
2021-11-05,20.464582,0.0,15.0,1200.0,1320.0,1280.0,98.91
2021-11-06,20.7125,0.0,14.0,1200.0,1320.0,1280.0,98.91
2021-11-07,20.21667,0.0,14.0,1200.0,1320.0,1280.0,98.91
2021-11-08,19.808334,0.0,15.0,1200.0,1320.0,1290.0,98.91
2021-11-09,20.160416,0.0,20.0,1200.0,1350.0,1310.0,98.91
2021-11-10,20.725,0.0,13.0,1200.0,1400.0,1320.0,98.91
2021-11-11,20.652082,0.0,25.0,1240.0,1350.0,1300.0,98.91
2021-11-12,19.702085,0.0,25.0,1200.0,1400.0,1320.0,98.91
2021-11-13,18.941668,0.0,14.0,1200.0,1400.0,1330.0,98.91
2021-11-14,18.4,0.0,14.0,1200.0,1400.0,1330.0,98.91
2021-11-15,18.156248,0.0,15.0,1300.0,1400.0,1340.0,98.91
2021-11-16,18.558334,0.0,12.0,1300.0,1400.0,1340.0,98.91
2021-11-17,18.083336,0.0,14.0,1300.0,1400.0,1350.0,98.91
2021-11-18,18.789583,1.7,15.0,1200.0,1370.0,1330.0,98.91
2021-11-19,20.102083,10.4,16.0,1230.0,1400.0,1320.0,98.91
2021-11-20,20.122917,0.0,15.0,1300.0,1400.0,1340.0,98.91
2021-11-21,19.09375,0.0,15.0,1300.0,1400.0,1340.0,98.91
2021-11-22,17.550001,0.0,21.0,1200.0,1400.0,1350.0,98.91
2021-11-23,17.525002,0.0,14.0,1200.0,1360.0,1300.0,98.91
2021-11-24,18.164583,0.0,15.0,1200.0,1350.0,1300.0,98.91
2021-11-25,18.137499,0.0,16.0,1200.0,1390.0,1300.0,98.91
2021-11-26,17.891668,0.0,14.0,1100.0,1300.0,1200.0,98.91
2021-11-27,19.041666,0.0,14.0,1100.0,1290.0,1200.0,98.91
2021-11-28,18.35625,0.0,14.0,1100.0,1290.0,1200.0,98.91
2021-11-29,17.081251,0.0,15.0,1100.0,1250.0,1200.0,98.91
2021-11-30,17.479164,0.0,16.0,1100.0,1290.0,1200.0,98.91
2021-12-01,18.483332,0.0,16.0,1100.0,1250.0,1180.0,86.8
2021-12-02,19.433332,0.0,50.0,900.0,1000.0,940.0,86.8
2021-12-03,18.758333,0.0,26.0,900.0,1000.0,950.0,86.8
2021-12-04,18.877083,0.0,25.0,900.0,1000.0,900.0,86.8
2021-12-05,19.54375,0.0,25.0,900.0,1000.0,900.0,86.8
2021-12-06,17.725,0.0,26.0,900.0,1000.0,950.0,86.8
2021-12-07,16.189583,0.0,35.0,800.0,1000.0,900.0,86.8
2021-12-08,15.764584,0.0,55.0,860.0,1000.0,930.0,86.8
2021-12-09,15.393752,0.0,54.0,800.0,980.0,900.0,86.8
2021-12-10,15.202083,0.0,28.0,800.0,1000.0,900.0,86.8
2021-12-11,14.325001,0.0,55.0,800.0,1000.0,900.0,86.8
2021-12-12,14.339584,0.0,55.0,800.0,1000.0,900.0,86.8
2021-12-13,15.41875,0.0,46.0,800.0,1000.0,900.0,86.8
2021-12-14,16.6375,0.0,48.0,800.0,1000.0,920.0,86.8
2021-12-15,16.345835,0.2,48.0,880.0,1000.0,930.0,86.8
2021-12-16,15.664584,0.5,40.0,800.0,1000.0,900.0,86.8
2021-12-17,12.116666,0.0,24.0,800.0,1000.0,900.0,86.8
2021-12-18,11.587499,0.0,24.0,800.0,930.0,890.0,86.8
2021-12-19,11.152083,0.0,24.0,800.0,930.0,890.0,86.8
2021-12-20,12.074998,0.0,24.0,800.0,900.0,850.0,86.8
2021-12-21,13.085416,0.0,105.0,700.0,900.0,800.0,86.8
2021-12-22,15.041667,0.2,68.0,700.0,870.0,800.0,86.8
2021-12-23,14.654168,0.0,88.0,700.0,830.0,760.0,86.8
2021-12-24,14.879167,0.0,80.0,700.0,800.0,750.0,86.8
2021-12-25,14.727082,0.0,110.0,600.0,700.0,650.0,86.8
2021-12-26,16.133333,0.0,110.0,600.0,700.0,650.0,86.8
2021-12-27,13.954166,10.4,120.0,600.0,700.0,660.0,86.8
2021-12-28,14.483333,0.0,80.0,700.0,800.0,740.0,86.8
2021-12-29,13.425,0.0,84.0,700.0,800.0,730.0,86.8
2021-12-30,12.729167,0.0,48.0,650.0,800.0,720.0,86.8
2021-12-31,12.21875,0.0,120.0,600.0,700.0,640.0,86.8
2022-01-01,12.264584,0.0,48.0,600.0,720.0,670.0,86.8
2022-01-02,12.5625,0.0,48.0,600.0,720.0,670.0,86.8
2022-01-03,14.485416,0.0,70.0,600.0,700.0,640.0,86.8
2022-01-04,15.135417,0.70000005,54.0,550.0,700.0,620.0,86.8
2022-01-05,15.356251,17.100002,82.0,550.0,700.0,620.0,86.8
2022-01-06,16.343752,0.4,88.0,600.0,700.0,620.0,86.8
2022-01-07,16.749998,9.9,38.0,560.0,700.0,630.0,86.8
2022-01-08,16.175001,6.1999993,28.0,650.0,800.0,720.0,86.8
2022-01-09,15.856251,0.90000004,28.0,650.0,800.0,720.0,86.8
2022-01-10,14.668751,0.0,38.0,650.0,800.0,720.0,86.8
2022-01-11,13.841666,0.0,28.0,700.0,820.0,780.0,86.8
2022-01-12,11.847917,0.0,24.0,750.0,850.0,800.0,86.8
2022-01-13,11.116668,0.0,28.0,700.0,900.0,800.0,86.8
2022-01-14,10.735416,0.0,28.0,700.0,850.0,800.0,86.8
2022-01-15,9.945833,0.0,30.0,650.0,750.0,700.0,86.8
2022-01-16,10.175,0.0,30.0,650.0,750.0,700.0,86.8
2022-01-17,9.537499,0.0,45.0,700.0,800.0,750.0,86.8
2022-01-18,10.045834,0.0,48.0,700.0,800.0,720.0,86.8
2022-01-19,11.893749,0.1,78.0,600.0,780.0,700.0,86.8
2022-01-20,13.033333,0.1,80.0,620.0,800.0,720.0,86.8
2022-01-21,14.783333,0.8000001,82.0,650.0,800.0,720.0,86.8
2022-01-22,14.045835,0.8000001,48.0,700.0,800.0,720.0,86.8
2022-01-23,12.608334,0.0,48.0,700.0,800.0,720.0,86.8
2022-01-24,11.399999,0.0,45.0,670.0,800.0,720.0,86.8
2022-01-25,10.716667,0.0,54.0,670.0,800.0,730.0,86.8
2022-01-26,11.531251,0.0,54.0,670.0,800.0,730.0,86.8
2022-01-27,11.75,0.0,54.0,700.0,800.0,750.0,86.8
2022-01-28,12.333336,0.0,74.0,680.0,800.0,720.0,86.8
2022-01-29,13.708333,0.0,75.0,700.0,800.0,730.0,86.8
2022-01-30,14.041665,0.0,75.0,700.0,800.0,730.0,86.8
2022-01-31,15.210418,0.0,54.0,600.0,720.0,670.0,86.8
2022-02-01,14.900001,0.0,40.0,600.0,700.0,670.0,86.8
2022-02-02,15.535416,5.3,80.0,600.0,750.0,680.0,86.8
2022-02-03,13.170834,0.3,54.0,600.0,760.0,680.0,86.8
2022-02-04,12.102082,0.0,28.0,600.0,730.0,680.0,86.8
2022-02-05,12.814586,0.0,29.0,600.0,780.0,700.0,86.8
2022-02-06,14.058334,0.0,29.0,600.0,780.0,700.0,86.8
2022-02-07,16.15,0.0,28.0,700.0,800.0,760.0,86.8
2022-02-08,15.902083,0.4,38.0,620.0,820.0,720.0,86.8
2022-02-09,14.329167,0.0,40.0,670.0,800.0,720.0,86.8
2022-02-10,14.837498,0.0,38.0,630.0,830.0,730.0,86.8
2022-02-11,14.539584,0.0,24.0,700.0,800.0,750.0,86.8
2022-02-12,14.610417,0.0,24.0,700.0,800.0,750.0,86.8
2022-02-13,15.2229185,0.0,24.0,700.0,800.0,750.0,86.8
2022-02-14,16.533333,0.0,26.0,700.0,800.0,760.0,86.8
2022-02-15,17.200003,0.0,48.0,700.0,800.0,750.0,86.8
2022-02-16,17.131248,0.0,24.0,700.0,800.0,760.0,86.8
2022-02-17,18.275,0.0,25.0,700.0,800.0,760.0,86.8
2022-02-18,18.677084,0.0,24.0,690.0,890.0,790.0,86.8
2022-02-19,18.252085,0.0,24.0,760.0,900.0,810.0,86.8
2022-02-20,18.345833,0.0,24.0,760.0,900.0,810.0,86.8
2022-02-21,19.331251,0.0,24.0,700.0,900.0,820.0,86.8
2022-02-22,20.31458,0.0,40.0,750.0,950.0,850.0,86.8
2022-02-23,20.552082,0.0,40.0,760.0,960.0,860.0,86.8
2022-02-24,20.060417,0.0,14.0,780.0,900.0,830.0,86.8
2022-02-25,20.720833,0.1,24.0,800.0,1000.0,920.0,86.8
2022-02-26,19.764584,0.0,24.0,900.0,1020.0,980.0,86.8
2022-02-27,18.204166,0.0,24.0,900.0,1020.0,980.0,86.8
2022-02-28,18.204166,0.0,15.0,900.0,1020.0,990.0,86.8
2022-03-01,19.63125,0.0,24.0,900.0,1000.0,950.0,86.8
2022-03-02,20.858332,0.0,24.0,900.0,1000.0,960.0,86.8
2022-03-03,21.810417,0.0,25.0,900.0,1000.0,960.0,86.8
2022-03-04,20.491667,0.0,25.0,870.0,1070.0,970.0,86.8
2022-03-05,20.058334,0.0,14.0,900.0,1000.0,960.0,86.8
2022-03-06,21.249998,0.0,14.0,900.0,1000.0,960.0,86.8
2022-03-07,21.695833,0.0,15.0,800.0,1000.0,900.0,86.8
2022-03-08,23.508337,0.0,12.0,800.0,1000.0,900.0,86.8
2022-03-09,23.674997,0.0,24.0,900.0,1040.0,1000.0,86.8
2022-03-10,23.427084,0.0,25.0,900.0,1030.0,1000.0,86.8
2022-03-11,23.072916,0.0,25.0,880.0,1080.0,980.0,86.8
2022-03-12,23.995834,0.0,12.0,900.0,1080.0,1010.0,86.8
2022-03-13,25.6,0.0,12.0,900.0,1080.0,1010.0,86.8
2022-03-14,26.427084,0.0,14.0,900.0,1050.0,1000.0,86.8
2022-03-15,27.654167,0.0,25.0,900.0,1020.0,990.0,86.8
2022-03-16,27.766665,0.0,24.0,890.0,1090.0,990.0,86.8
2022-03-17,28.404165,0.0,14.0,800.0,1000.0,900.0,86.8
2022-03-18,28.545832,0.0,14.0,800.0,1000.0,900.0,86.8
2022-03-19,29.562506,0.0,14.0,850.0,1000.0,900.0,86.8
2022-03-20,28.13542,0.0,14.0,850.0,1000.0,900.0,86.8
2022-03-21,28.73542,0.0,10.0,850.0,1020.0,920.0,86.8
2022-03-22,27.964579,0.0,25.0,800.0,1000.0,900.0,86.8
2022-03-23,29.164583,0.0,20.0,800.0,1000.0,900.0,86.8
2022-03-24,28.975004,0.0,14.0,900.0,1020.0,980.0,86.8
2022-03-25,28.50625,0.0,24.0,820.0,1020.0,920.0,86.8
2022-03-26,28.754166,0.0,20.0,900.0,1100.0,1000.0,86.8
2022-03-27,28.78125,0.0,20.0,900.0,1100.0,1000.0,86.8
2022-03-28,29.81875,0.0,15.0,880.0,1080.0,980.0,86.8
2022-03-29,30.056252,0.0,24.0,900.0,1000.0,970.0,86.8
2022-03-30,30.422918,0.0,20.0,800.0,950.0,900.0,86.8
2022-03-31,30.172913,0.0,14.0,800.0,1000.0,920.0,86.8
2022-04-01,29.612503,0.0,12.0,900.0,1000.0,930.0,93.22
2022-04-02,30.4375,0.0,14.0,900.0,1000.0,950.0,93.22
2022-04-03,30.2875,0.0,14.0,900.0,1000.0,950.0,93.22
2022-04-04,30.795835,0.0,15.0,900.0,1000.0,950.0,93.22
2022-04-05,30.495832,0.0,24.0,900.0,1000.0,940.0,93.22
2022-04-06,31.63125,0.0,12.0,900.0,1000.0,940.0,93.22
2022-04-07,31.962502,0.0,20.0,900.0,1000.0,950.0,93.22
2022-04-08,32.666668,0.0,12.0,900.0,1000.0,940.0,93.22
2022-04-09,32.99375,0.0,17.0,900.0,1000.0,940.0,93.22
2022-04-10,33.31667,0.0,17.0,900.0,1000.0,940.0,93.22
2022-04-11,33.483334,0.0,15.0,900.0,1000.0,950.0,93.22
2022-04-12,32.83958,0.0,16.0,900.0,1000.0,960.0,93.22
2022-04-13,32.25417,0.0,16.0,800.0,940.0,880.0,93.22
2022-04-14,33.060413,0.0,20.0,900.0,1000.0,930.0,93.22
2022-04-15,32.254166,0.0,15.0,900.0,1000.0,940.0,93.22
2022-04-16,33.077084,0.0,16.0,900.0,1000.0,940.0,93.22
2022-04-17,34.429165,0.0,16.0,900.0,1000.0,940.0,93.22
2022-04-18,34.683334,0.0,10.0,900.0,1020.0,990.0,93.22
2022-04-19,35.008335,0.0,12.0,900.0,1000.0,960.0,93.22
2022-04-20,31.995834,0.4,14.0,900.0,1020.0,980.0,93.22
2022-04-21,32.260418,0.0,24.0,900.0,1030.0,990.0,93.22
2022-04-22,33.414585,0.0,22.0,880.0,1020.0,990.0,93.22
2022-04-23,32.810413,0.0,14.0,900.0,1040.0,1000.0,93.22
2022-04-24,33.55417,0.0,14.0,900.0,1040.0,1000.0,93.22
2022-04-25,33.135418,0.0,15.0,900.0,1040.0,1000.0,93.22
2022-04-26,34.372913,0.0,20.0,900.0,1050.0,1000.0,93.22
2022-04-27,34.668747,0.0,21.0,1000.0,1100.0,1020.0,93.22
2022-04-28,35.875004,0.0,14.0,1000.0,1100.0,1020.0,93.22
2022-04-29,35.989586,0.0,14.0,1000.0,1100.0,1020.0,93.22
2022-04-30,32.447918,0.5,12.0,1000.0,1100.0,1020.0,93.22
2022-05-01,32.716667,0.0,12.0,1000.0,1100.0,1020.0,93.22
2022-05-02,30.977083,0.0,18.0,900.0,1070.0,1020.0,96.83
2022-05-03,31.068748,0.5,15.0,1000.0,1100.0,1020.0,96.83
2022-05-04,31.327078,0.0,16.0,1000.0,1100.0,1030.0,96.83
2022-05-05,32.731247,0.0,12.0,970.0,1020.0,1000.0,96.83
2022-05-06,33.302082,0.0,14.0,980.0,1090.0,1020.0,96.83
2022-05-07,33.233326,0.0,14.0,980.0,1090.0,1020.0,96.83
2022-05-08,33.225,0.0,14.0,980.0,1090.0,1020.0,96.83
2022-05-09,33.600002,0.0,15.0,930.0,1130.0,1030.0,96.83
2022-05-10,33.84167,0.0,14.0,1000.0,1100.0,1070.0,96.83
2022-05-11,34.962498,0.0,10.0,1000.0,1100.0,1080.0,96.83
2022-05-12,35.791668,0.0,20.0,970.0,1170.0,1070.0,96.83
2022-05-13,36.425,0.0,9.0,1000.0,1120.0,1070.0,96.83
2022-05-14,37.37917,0.0,8.0,1100.0,1250.0,1200.0,96.83
2022-05-15,38.064587,0.0,8.0,1100.0,1250.0,1200.0,96.83
2022-05-16,34.885418,0.0,8.0,1100.0,1230.0,1200.0,96.83
2022-05-17,34.622913,0.0,10.0,1100.0,1230.0,1200.0,96.83
2022-05-18,36.20625,0.0,12.0,1100.0,1300.0,1200.0,96.83
2022-05-19,37.47292,0.0,12.0,1080.0,1280.0,1180.0,96.83
2022-05-20,35.695827,0.0,10.0,1100.0,1200.0,1160.0,96.83
2022-05-21,33.395832,0.0,8.0,1080.0,1280.0,1180.0,96.83
2022-05-22,29.170835,5.0,8.0,1080.0,1280.0,1180.0,96.83
2022-05-23,28.625,0.5,14.0,950.0,1150.0,1050.0,96.83
2022-05-24,29.1625,1.7,10.0,940.0,1140.0,1040.0,96.83
2022-05-25,31.629166,0.0,12.0,1000.0,1200.0,1100.0,96.83
2022-05-26,31.831247,0.1,12.0,1050.0,1250.0,1150.0,96.83
2022-05-27,33.350002,0.0,10.0,1060.0,1260.0,1160.0,96.83
2022-05-28,34.145832,0.0,8.0,1100.0,1300.0,1200.0,96.83
2022-05-29,33.11042,0.0,8.0,1100.0,1300.0,1200.0,96.83
2022-05-30,33.858334,0.0,10.0,1200.0,1300.0,1250.0,96.83
2022-05-31,33.87083,0.0,10.0,1200.0,1290.0,1260.0,96.83
2022-06-01,34.45625,0.0,8.0,1100.0,1300.0,1260.0,96.57
2022-06-02,34.347916,0.0,8.0,1170.0,1370.0,1270.0,96.57
2022-06-03,35.80625,0.0,10.0,1170.0,1370.0,1270.0,96.57
2022-06-04,35.24166,0.0,10.0,1170.0,1370.0,1270.0,96.57
2022-06-05,35.51875,0.0,10.0,1170.0,1370.0,1270.0,96.57
2022-06-06,35.735416,0.0,8.0,1170.0,1370.0,1270.0,96.57
2022-06-07,37.42917,0.0,8.0,1160.0,1360.0,1260.0,96.57
2022-06-08,36.808334,0.0,8.0,1160.0,1360.0,1260.0,96.57
2022-06-09,36.46458,0.0,8.0,1200.0,1400.0,1300.0,96.57
2022-06-10,36.814583,0.0,8.0,1220.0,1420.0,1320.0,96.57
2022-06-11,36.685413,0.0,8.0,1250.0,1400.0,1320.0,96.57
2022-06-12,37.945835,0.0,8.0,1250.0,1400.0,1320.0,96.57
2022-06-13,37.795834,0.0,7.0,1230.0,1350.0,1300.0,96.57
2022-06-14,36.379166,0.1,7.0,1200.0,1350.0,1300.0,96.57
2022-06-15,34.337498,0.0,7.0,1220.0,1420.0,1320.0,96.57
2022-06-16,32.693752,0.0,8.0,1220.0,1420.0,1320.0,96.57
2022-06-17,30.847916,4.2,7.4,1290.0,1400.0,1320.0,96.57
2022-06-18,30.327085,4.8,8.0,1300.0,1400.0,1325.0,96.57
2022-06-19,29.86042,3.6999998,8.0,1300.0,1400.0,1325.0,96.57
2022-06-20,31.168747,0.0,12.0,1230.0,1430.0,1330.0,96.57
2022-06-21,32.204166,0.0,8.0,1220.0,1420.0,1320.0,96.57
2022-06-22,33.37708,0.0,10.0,1230.0,1430.0,1330.0,96.57
2022-06-23,33.08125,0.0,8.0,1230.0,1430.0,1330.0,96.57
2022-06-24,33.458332,0.0,10.0,1300.0,1400.0,1330.0,96.57
2022-06-25,34.17709,0.4,8.0,1230.0,1400.0,1330.0,96.57
2022-06-26,33.977085,1.2,8.0,1230.0,1400.0,1330.0,96.57
2022-06-27,34.697918,0.3,8.0,1300.0,1400.0,1340.0,96.57
2022-06-28,31.256248,20.0,5.0,1300.0,1400.0,1340.0,96.57
2022-06-29,27.122915,29.199999,6.0,1300.0,1400.0,1350.0,96.57
2022-06-30,28.800003,7.8,8.0,1300.0,1400.0,1350.0,96.57
2022-07-01,28.912497,10.599999,7.0,1250.0,1450.0,1350.0,89.76
2022-07-02,29.431252,21.500002,7.0,1250.0,1450.0,1350.0,89.76
2022-07-03,30.602087,1.9000002,7.0,1250.0,1450.0,1350.0,89.76
2022-07-04,32.05834,0.2,12.0,1300.0,1400.0,1350.0,89.76
2022-07-05,30.889578,16.699999,10.0,1300.0,1400.0,1380.0,89.76
2022-07-06,31.754168,0.8,12.0,1300.0,1400.0,1360.0,89.76
2022-07-07,32.158337,0.4,10.0,1300.0,1400.0,1380.0,89.76
2022-07-08,30.885416,0.2,10.0,1300.0,1400.0,1380.0,89.76
2022-07-09,30.72083,0.8,10.0,1300.0,1400.0,1380.0,89.76
2022-07-10,32.156254,0.0,10.0,1300.0,1400.0,1380.0,89.76
2022-07-11,32.141666,0.70000005,8.0,1280.0,1480.0,1380.0,89.76
2022-07-12,32.90208,0.0,8.0,1300.0,1500.0,1400.0,89.76
2022-07-13,33.77292,0.0,8.0,1300.0,1500.0,1400.0,89.76
2022-07-14,32.512497,1.6999999,12.0,1350.0,1550.0,1450.0,89.76
2022-07-15,29.668753,25.800005,8.0,1420.0,1620.0,1520.0,89.76
2022-07-16,30.67917,10.7,8.0,1450.0,1550.0,1500.0,89.76
2022-07-17,32.6125,0.0,8.0,1450.0,1550.0,1500.0,89.76
2022-07-18,32.772915,0.4,8.0,1500.0,1600.0,1550.0,89.76
2022-07-19,30.604166,6.5999994,8.0,1500.0,1600.0,1550.0,89.76
2022-07-20,28.381248,20.6,8.0,1500.0,1600.0,1550.0,89.76
2022-07-21,27.63542,13.2,10.0,1500.0,1620.0,1580.0,89.76
2022-07-22,27.99375,22.799997,8.0,1500.0,1600.0,1560.0,89.76
2022-07-23,28.612497,3.8000002,14.0,1500.0,1600.0,1560.0,89.76
2022-07-24,27.441668,13.200002,14.0,1500.0,1600.0,1560.0,89.76
2022-07-25,27.683332,10.900002,8.0,1500.0,1620.0,1580.0,89.76
2022-07-26,27.352083,13.999999,9.0,1500.0,1630.0,1570.0,89.76
2022-07-27,27.139585,20.400002,4.0,1480.0,1680.0,1580.0,89.76
2022-07-28,27.370829,14.4,4.0,1480.0,1680.0,1580.0,89.76
2022-07-29,27.314585,14.000001,10.0,1490.0,1690.0,1590.0,89.76
2022-07-30,29.329168,0.4,8.0,1490.0,1690.0,1590.0,89.76
2022-07-31,29.537504,0.2,8.0,1490.0,1690.0,1590.0,89.76
2022-08-01,28.604164,0.4,7.0,1500.0,1620.0,1590.0,89.76
2022-08-02,27.645828,14.299999,8.0,1500.0,1700.0,1610.0,89.76
2022-08-03,27.92708,9.200003,8.0,1500.0,1700.0,1600.0,89.76
2022-08-04,28.077085,11.6,7.0,1500.0,1700.0,1600.0,89.76
2022-08-05,28.818748,5.7,8.0,1500.0,1700.0,1600.0,89.76
2022-08-06,28.37292,10.100001,5.0,1500.0,1700.0,1600.0,89.76
2022-08-07,28.922918,6.5,5.0,1500.0,1700.0,1600.0,89.76
2022-08-08,30.37292,0.4,8.0,1500.0,1650.0,1600.0,89.76
2022-08-09,30.19792,0.0,8.0,1600.0,1690.0,1640.0,89.76
2022-08-10,29.518751,0.5,7.0,1560.0,1700.0,1620.0,89.76
2022-08-11,28.63125,6.7,5.0,1500.0,1650.0,1600.0,89.76
2022-08-12,28.487497,3.7999995,5.0,1600.0,1700.0,1620.0,89.76
2022-08-13,27.570837,26.400002,5.0,1500.0,1690.0,1620.0,89.76
2022-08-14,27.793753,10.599999,5.0,1500.0,1690.0,1620.0,89.76
2022-08-15,27.962502,1.2,5.0,1500.0,1690.0,1620.0,89.76
2022-08-16,28.470833,0.70000005,5.0,1500.0,1650.0,1600.0,89.76
2022-08-17,28.870832,0.4,4.0,1500.0,1700.0,1600.0,89.76
2022-08-18,28.99375,14.3,5.0,1520.0,1720.0,1620.0,89.76
2022-08-19,27.856249,14.7,8.0,1520.0,1720.0,1620.0,89.76
2022-08-20,28.595833,6.7999997,8.0,1540.0,1740.0,1640.0,89.76
2022-08-21,28.48334,15.8,8.0,1540.0,1740.0,1640.0,89.76
2022-08-22,28.322916,0.4,8.0,1560.0,1700.0,1630.0,89.76
2022-08-23,27.627083,4.899999,5.0,1600.0,1700.0,1640.0,89.76
2022-08-24,27.375,2.5000002,5.0,1600.0,1700.0,1650.0,89.76
2022-08-25,27.985418,5.0999994,4.0,1540.0,1740.0,1640.0,89.76
2022-08-26,29.012503,2.1,5.0,1540.0,1740.0,1640.0,89.76
2022-08-27,29.13125,7.2,6.0,1550.0,1750.0,1650.0,89.76
2022-08-28,27.895828,3.7,6.0,1550.0,1750.0,1650.0,89.76
2022-08-29,28.643751,0.90000004,8.0,1500.0,1650.0,1600.0,89.76
2022-08-30,29.139582,5.4999995,7.0,1500.0,1700.0,1620.0,89.76
2022-08-31,28.945833,8.4,5.0,1500.0,1650.0,1600.0,89.76
2022-09-01,28.658335,18.3,8.0,1500.0,1640.0,1600.0,89.76
2022-09-02,29.729166,0.1,5.0,1500.0,1650.0,1610.0,89.76
2022-09-03,29.702085,0.0,1.2,1500.0,1650.0,1600.0,89.76
2022-09-04,29.435417,0.0,1.2,1500.0,1650.0,1600.0,89.76
2022-09-05,29.558336,0.0,8.0,1500.0,1700.0,1620.0,89.76
2022-09-06,29.852083,0.0,7.0,1500.0,1650.0,1600.0,89.76
2022-09-07,29.35,0.2,5.0,1500.0,1600.0,1590.0,89.76
2022-09-08,29.460419,0.3,5.0,1500.0,1630.0,1580.0,89.76
2022-09-09,28.808334,1.4,8.0,1500.0,1620.0,1580.0,89.76
2022-09-10,29.387503,0.1,5.0,1500.0,1600.0,1550.0,89.76
2022-09-11,28.275003,2.2999997,5.0,1500.0,1600.0,1550.0,89.76
2022-09-12,26.902084,5.7,7.0,1500.0,1620.0,1570.0,89.76
2022-09-13,25.833336,23.800001,8.0,1500.0,1600.0,1560.0,89.76
2022-09-14,25.475004,17.000002,8.0,1500.0,1600.0,1550.0,89.76
2022-09-15,26.300003,2.3000002,5.0,1500.0,1600.0,1560.0,89.76
2022-09-16,26.879168,3.3999999,8.0,1500.0,1600.0,1550.0,89.76
2022-09-17,27.112503,0.8000001,8.0,1400.0,1550.0,1500.0,89.76
2022-09-18,27.210419,0.6,8.0,1400.0,1550.0,1500.0,89.76
2022-09-19,26.547918,28.7,5.0,1400.0,1540.0,1500.0,89.76
2022-09-20,25.556246,33.4,8.0,1450.0,1550.0,1500.0,89.76
2022-09-21,25.416666,37.2,9.0,1400.0,1600.0,1510.0,89.76
2022-09-22,26.35417,10.3,8.0,1400.0,1540.0,1500.0,89.76
2022-09-23,26.431252,3.9999998,8.0,1450.0,1600.0,1520.0,89.76
2022-09-24,27.210417,1.7000002,8.0,1450.0,1600.0,1520.0,89.76
2022-09-25,26.972916,3.2,8.0,1450.0,1600.0,1520.0,89.76
2022-09-26,27.252085,0.0,8.0,1400.0,1560.0,1500.0,89.76
2022-09-27,27.210413,0.0,8.0,1450.0,1560.0,1500.0,89.76
2022-09-28,27.183336,0.0,7.0,1600.0,1700.0,1650.0,89.76
2022-09-29,26.81875,0.0,8.0,1600.0,1700.0,1660.0,89.76
2022-09-30,27.339584,0.1,5.0,1550.0,1750.0,1650.0,89.76
2022-10-01,27.41667,0.0,7.0,1570.0,1770.0,1670.0,89.76
2022-10-02,27.400002,0.0,7.0,1570.0,1770.0,1670.0,89.76
2022-10-03,26.606249,10.1,7.0,1600.0,1700.0,1660.0,89.76
2022-10-04,25.693748,9.700001,6.0,1560.0,1700.0,1660.0,89.76
2022-10-05,24.702085,9.2,5.0,1600.0,1700.0,1650.0,89.76
2022-10-06,24.560417,19.500004,4.0,1600.0,1700.0,1640.0,89.76
2022-10-07,25.170832,28.900003,5.0,1550.0,1750.0,1650.0,89.76
2022-10-08,25.118752,47.899998,8.0,1500.0,1600.0,1560.0,89.76
2022-10-09,24.977083,27.500004,8.0,1500.0,1600.0,1560.0,89.76
2022-10-10,24.387495,4.1,5.0,1450.0,1650.0,1550.0,89.76
2022-10-11,24.497917,0.3,1.0,1500.0,1620.0,1580.0,89.76
2022-10-12,24.383331,0.0,7.0,1500.0,1700.0,1600.0,89.76
2022-10-13,23.983332,0.0,3.0,1650.0,1750.0,1700.0,89.76
2022-10-14,24.179167,0.0,4.0,1650.0,1800.0,1720.0,89.76
2022-10-15,24.602081,0.0,6.0,1660.0,1860.0,1760.0,89.76
2022-10-16,24.375,0.0,6.0,1660.0,1860.0,1760.0,89.76
2022-10-17,23.964584,0.0,6.0,1660.0,1860.0,1760.0,89.76
2022-10-18,24.341665,0.0,4.0,1640.0,1840.0,1740.0,89.76
2022-10-19,24.533333,0.2,4.0,1600.0,1800.0,1700.0,89.76
2022-10-20,23.658335,0.0,5.0,1700.0,1800.0,1750.0,89.76
2022-10-21,23.383333,0.0,5.0,1620.0,1820.0,1720.0,89.76
2022-10-22,22.85417,0.0,5.0,1650.0,1850.0,1750.0,89.76
2022-10-23,22.754168,0.0,5.0,1650.0,1850.0,1750.0,89.76
2022-10-24,22.03125,0.0,6.0,1800.0,1900.0,1860.0,89.76
2022-10-25,22.895834,0.0,5.0,1800.0,1900.0,1850.0,89.76
2022-10-26,23.591667,0.0,5.0,1800.0,1900.0,1850.0,89.76
2022-10-27,23.581251,0.0,4.0,1850.0,1950.0,1900.0,89.76
2022-10-28,23.185417,0.0,4.0,1700.0,1850.0,1800.0,89.76
2022-10-29,22.897917,0.0,5.0,1760.0,1900.0,1820.0,89.76
2022-10-30,23.431252,0.0,5.0,1760.0,1900.0,1820.0,89.76
2022-10-31,23.058334,0.0,5.0,1700.0,1800.0,1750.0,89.76
2022-11-01,23.433332,0.0,4.0,1620.0,1820.0,1720.0,89.76
2022-11-02,22.98958,0.0,4.0,1700.0,1800.0,1730.0,89.76
2022-11-03,23.377085,0.0,5.0,1650.0,1850.0,1750.0,89.76
2022-11-04,23.622917,0.0,5.0,1800.0,1900.0,1840.0,89.76
2022-11-05,23.581251,0.0,5.0,1750.0,1920.0,1820.0,89.76
2022-11-06,24.304169,0.0,5.0,1750.0,1920.0,1820.0,89.76
2022-11-07,23.743752,0.2,4.0,1700.0,1860.0,1800.0,89.76
2022-11-08,22.4,1.6,4.0,1700.0,1840.0,1790.0,89.76
2022-11-09,21.170835,3.8000002,8.0,1700.0,1850.0,1800.0,89.76
2022-11-10,21.641668,0.0,4.0,1700.0,1860.0,1800.0,89.76
2022-11-11,20.562498,0.0,8.0,1800.0,1950.0,1880.0,89.76
2022-11-12,20.385416,0.0,7.0,1650.0,1750.0,1700.0,89.76
2022-11-13,21.045832,0.0,7.0,1650.0,1750.0,1700.0,89.76
2022-11-14,20.45625,0.0,5.0,1600.0,1750.0,1700.0,89.76
2022-11-15,20.960417,0.0,7.0,1650.0,1750.0,1700.0,89.76
2022-11-16,18.952085,0.0,8.0,1500.0,1600.0,1560.0,89.76
2022-11-17,18.239584,0.0,8.0,1400.0,1520.0,1480.0,89.76
2022-11-18,18.1125,0.0,8.0,1450.0,1550.0,1500.0,89.76
2022-11-19,18.158333,0.0,5.0,1450.0,1550.0,1500.0,89.76
2022-11-20,18.647917,0.0,5.0,1450.0,1550.0,1500.0,89.76
2022-11-21,18.270834,0.0,5.0,1450.0,1560.0,1500.0,89.76
2022-11-22,17.875002,0.0,6.0,1450.0,1600.0,1530.0,89.76
2022-11-23,16.918749,0.0,5.0,1350.0,1450.0,1400.0,89.76
2022-11-24,17.420834,0.0,5.0,1340.0,1450.0,1400.0,89.76
2022-11-25,17.595835,0.0,5.0,1450.0,1550.0,1500.0,89.76
2022-11-26,17.410416,0.0,6.0,1400.0,1500.0,1450.0,89.76
2022-11-27,17.441668,0.0,6.0,1400.0,1500.0,1450.0,89.76
2022-11-28,17.443752,0.0,8.0,1400.0,1600.0,1500.0,89.76
2022-11-29,17.422915,0.0,7.0,1450.0,1600.0,1520.0,89.76
2022-11-30,16.981249,0.0,8.0,1450.0,1550.0,1500.0,89.76
2022-12-01,17.333332,0.0,6.0,1400.0,1550.0,1500.0,89.76
2022-12-02,17.435417,0.0,8.0,1450.0,1600.0,1520.0,89.76
2022-12-03,16.75625,0.0,9.0,1300.0,1500.0,1400.0,89.76
2022-12-04,16.389582,0.0,9.0,1300.0,1500.0,1400.0,89.76
2022-12-05,16.331251,0.0,9.0,1300.0,1450.0,1380.0,89.76
2022-12-06,16.672916,0.0,10.0,1300.0,1420.0,1390.0,89.76
2022-12-07,16.135416,0.0,10.0,1300.0,1420.0,1380.0,89.76
2022-12-08,16.829165,0.0,22.0,1300.0,1400.0,1350.0,89.76
2022-12-09,17.91875,0.0,24.0,1300.0,1400.0,1360.0,89.76
2022-12-10,17.858335,0.0,34.0,1250.0,1400.0,1320.0,89.76
2022-12-11,18.589582,0.0,34.0,1250.0,1400.0,1320.0,89.76
2022-12-12,18.6,0.0,25.0,1200.0,1350.0,1300.0,89.76
2022-12-13,17.8375,0.0,26.0,1200.0,1300.0,1260.0,89.76
2022-12-14,15.45,0.0,25.0,1200.0,1300.0,1240.0,89.76
2022-12-15,15.23125,0.0,26.0,1200.0,1300.0,1250.0,89.76
2022-12-16,15.337499,0.0,27.0,1200.0,1300.0,1260.0,89.76
2022-12-17,14.924999,0.0,28.0,1200.0,1300.0,1250.0,89.76
2022-12-18,15.349999,0.0,28.0,1200.0,1300.0,1250.0,89.76
2022-12-19,15.53125,0.0,27.0,1200.0,1300.0,1250.0,89.76
2022-12-20,15.075002,0.0,28.0,1200.0,1300.0,1250.0,89.76
2022-12-21,16.439585,0.0,30.0,1100.0,1250.0,1200.0,89.76
2022-12-22,15.7854185,0.0,25.0,1100.0,1290.0,1200.0,89.76
2022-12-23,15.995834,0.0,26.0,1100.0,1250.0,1200.0,89.76
2022-12-24,13.666665,0.0,35.0,1000.0,1200.0,1080.0,89.76
2022-12-25,12.306251,0.0,35.0,1000.0,1200.0,1080.0,89.76
2022-12-26,13.15625,0.0,40.0,1000.0,1100.0,1050.0,89.76
2022-12-27,14.210419,0.0,50.0,900.0,1000.0,950.0,89.76
2022-12-28,14.256251,0.0,40.0,800.0,950.0,900.0,89.76
2022-12-29,15.099999,0.0,50.0,800.0,950.0,880.0,89.76
2022-12-30,14.683333,0.0,60.0,800.0,950.0,880.0,89.76
2022-12-31,13.637501,0.0,120.0,800.0,1000.0,900.0,89.76
2023-01-01,13.035416,0.0,120.0,800.0,1000.0,900.0,89.76
2023-01-02,12.060416,0.0,120.0,800.0,1000.0,900.0,89.76
2023-01-03,10.420833,0.0,150.0,790.0,990.0,890.0,89.76
2023-01-04,9.210416,0.0,140.0,800.0,1000.0,900.0,89.76
2023-01-05,8.291666,0.0,150.0,760.0,960.0,860.0,89.76
2023-01-06,8.439584,0.0,20.0,740.0,850.0,800.0,89.76
2023-01-07,10.899999,0.0,150.0,800.0,900.0,860.0,89.76
2023-01-08,12.09375,0.0,150.0,800.0,900.0,860.0,89.76
2023-01-09,13.04375,0.0,20.0,710.0,910.0,810.0,89.76
2023-01-10,12.76875,0.0,22.0,650.0,850.0,750.0,89.76
2023-01-11,14.945831,0.0,24.0,680.0,880.0,780.0,89.76
2023-01-12,16.097918,3.6,28.0,700.0,900.0,800.0,89.76
2023-01-13,14.997916,0.0,30.0,680.0,980.0,780.0,89.76
2023-01-14,11.047916,0.0,28.0,700.0,820.0,780.0,89.76
2023-01-15,9.837501,0.0,28.0,700.0,820.0,780.0,89.76
2023-01-16,10.183332,0.0,40.0,750.0,850.0,800.0,89.76
2023-01-17,10.681251,0.0,35.0,680.0,880.0,780.0,89.76
2023-01-18,11.860415,0.0,30.0,680.0,880.0,780.0,89.76
2023-01-19,13.258332,0.3,32.0,680.0,880.0,780.0,89.76
2023-01-20,15.125001,0.0,35.0,690.0,890.0,790.0,89.76
2023-01-21,15.770833,0.0,40.0,600.0,800.0,700.0,89.76
2023-01-22,16.747917,0.6,40.0,600.0,800.0,700.0,89.76
2023-01-23,18.072916,6.4,38.0,690.0,800.0,720.0,89.76
2023-01-24,17.24375,16.7,34.0,650.0,750.0,700.0,89.76
2023-01-25,17.247915,0.3,35.0,700.0,800.0,720.0,89.76
2023-01-26,14.375001,0.0,35.0,700.0,800.0,720.0,89.76
2023-01-27,12.787499,0.0,36.0,700.0,800.0,720.0,89.76
2023-01-28,14.7854185,0.0,40.0,700.0,800.0,720.0,89.76
2023-01-29,14.681251,1.8,40.0,700.0,800.0,720.0,89.76
2023-01-30,16.025,0.0,35.0,650.0,800.0,720.0,89.76
2023-01-31,14.764584,0.0,36.0,700.0,800.0,720.0,89.76
2023-02-01,14.595833,0.0,40.0,650.0,750.0,700.0,89.76
2023-02-02,15.495834,0.0,40.0,650.0,750.0,710.0,89.76
2023-02-03,16.34583,0.0,41.0,650.0,750.0,700.0,89.76
2023-02-04,16.45625,0.0,42.0,650.0,750.0,700.0,89.76
2023-02-05,17.829168,0.0,42.0,650.0,750.0,700.0,89.76
2023-02-06,18.533333,0.0,43.0,600.0,720.0,680.0,89.76
2023-02-07,16.714582,0.0,50.0,600.0,700.0,650.0,89.76
2023-02-08,16.785418,0.0,40.0,600.0,700.0,670.0,89.76
2023-02-09,18.624998,0.0,50.0,600.0,700.0,650.0,89.76
2023-02-10,19.731249,0.0,35.0,600.0,700.0,650.0,89.76
2023-02-11,17.927084,0.0,40.0,550.0,700.0,600.0,89.76
2023-02-12,16.125,0.0,40.0,550.0,700.0,600.0,89.76
2023-02-13,15.958333,0.0,50.0,500.0,700.0,600.0,89.76
2023-02-14,17.566666,0.0,50.0,500.0,600.0,550.0,89.76
2023-02-15,17.754168,0.0,25.0,550.0,650.0,620.0,89.76
2023-02-16,19.824999,0.0,26.0,560.0,700.0,630.0,89.76
2023-02-17,19.993752,0.0,28.0,550.0,700.0,620.0,89.76
2023-02-18,20.452084,0.0,40.0,560.0,700.0,620.0,89.76
2023-02-19,21.9125,0.0,40.0,560.0,700.0,620.0,89.76
2023-02-20,22.237497,0.0,45.0,550.0,700.0,630.0,89.76
2023-02-21,22.272913,0.0,45.0,550.0,650.0,600.0,89.76
2023-02-22,21.608332,0.0,40.0,550.0,650.0,600.0,89.76
2023-02-23,19.847916,0.0,40.0,550.0,650.0,600.0,89.76
2023-02-24,20.516668,0.0,6.0,550.0,650.0,600.0,89.76
2023-02-25,22.18542,0.0,7.0,500.0,700.0,600.0,89.76
2023-02-26,22.34375,0.0,7.0,500.0,700.0,600.0,89.76
2023-02-27,23.0875,0.0,8.0,550.0,650.0,600.0,89.76
2023-02-28,23.270836,0.0,8.0,500.0,650.0,570.0,89.76
2023-03-01,22.997915,0.0,9.0,500.0,620.0,580.0,89.76
2023-03-02,24.243752,0.0,9.0,500.0,600.0,550.0,89.76
2023-03-03,23.960413,0.0,8.0,500.0,600.0,540.0,89.76
2023-03-04,23.912498,0.0,8.0,500.0,600.0,540.0,89.76
2023-03-05,23.129168,0.0,8.0,500.0,600.0,540.0,89.76
2023-03-06,22.808332,0.0,9.0,450.0,550.0,500.0,89.76
2023-03-07,23.385416,0.0,10.0,450.0,550.0,500.0,89.76
2023-03-08,21.727083,1.7,10.0,450.0,550.0,500.0,89.76
2023-03-09,23.118752,0.0,9.0,450.0,550.0,500.0,89.76
2023-03-10,23.549997,0.0,10.0,510.0,580.0,560.0,89.76
2023-03-11,24.304169,0.0,10.0,560.0,700.0,620.0,89.76
2023-03-12,25.427084,0.0,10.0,560.0,700.0,620.0,89.76
2023-03-13,25.277084,0.1,9.0,560.0,650.0,625.0,89.76
2023-03-14,25.375,0.0,8.0,500.0,700.0,600.0,89.76
2023-03-15,24.13125,2.0,7.0,490.0,690.0,590.0,89.76
2023-03-16,22.791666,2.5,6.0,550.0,650.0,600.0,89.76
2023-03-17,22.027082,5.7000003,5.0,550.0,650.0,605.0,89.76
2023-03-18,21.172918,9.400001,4.0,600.0,680.0,650.0,89.76
2023-03-19,20.166666,6.4999995,4.0,600.0,670.0,650.0,89.76
2023-03-20,19.366663,7.2999997,4.8,600.0,680.0,650.0,89.76
2023-03-21,20.520836,0.0,3.0,600.0,690.0,650.0,89.76
2023-03-22,22.541666,0.0,4.0,600.0,690.0,650.0,89.76
2023-03-23,22.945833,0.9,5.0,600.0,690.0,650.0,89.76
2023-03-24,23.829165,1.4,5.0,600.0,700.0,650.0,89.76
2023-03-25,24.13125,0.0,5.0,600.0,700.0,650.0,89.76
2023-03-26,23.916664,0.0,5.0,600.0,700.0,650.0,89.76
2023-03-27,24.129164,0.0,5.0,550.0,750.0,650.0,89.76
2023-03-28,25.347916,0.0,5.0,555.0,755.0,655.0,89.76
2023-03-29,26.445833,0.6,5.0,600.0,700.0,650.0,89.76
2023-03-30,23.108332,3.4,6.0,600.0,690.0,650.0,89.76
2023-03-31,22.510416,0.0,5.0,600.0,700.0,655.0,89.76
2023-04-01,24.077082,0.0,5.0,600.0,700.0,660.0,89.76
2023-04-02,25.714582,0.0,4.0,600.0,700.0,660.0,89.76
2023-04-03,25.387497,0.4,3.5,600.0,700.0,660.0,89.76
2023-04-04,26.022919,0.0,4.0,600.0,700.0,660.0,89.76
2023-04-05,26.04167,0.0,5.0,600.0,700.0,660.0,89.76
2023-04-06,26.75625,0.0,5.0,600.0,700.0,670.0,89.76
2023-04-07,27.316664,0.0,6.0,600.0,700.0,680.0,89.76
2023-04-08,28.185417,0.0,5.0,650.0,750.0,700.0,89.76
2023-04-09,28.014582,0.0,5.0,650.0,750.0,700.0,89.76
2023-04-10,29.145834,0.0,5.0,600.0,800.0,700.0,89.76
2023-04-11,30.504171,0.0,5.0,650.0,750.0,700.0,89.76
2023-04-12,31.487497,0.0,7.0,650.0,750.0,710.0,89.76
2023-04-13,31.535416,0.0,7.0,650.0,750.0,710.0,89.76
2023-04-14,32.189587,0.0,6.0,650.0,750.0,710.0,89.76
2023-04-15,32.985416,0.0,5.0,700.0,800.0,730.0,89.76
2023-04-16,32.775,0.0,5.0,700.0,800.0,730.0,89.76
2023-04-17,33.704166,0.0,5.0,700.0,800.0,730.0,89.76
2023-04-18,33.889584,0.0,6.0,700.0,800.0,720.0,89.76
2023-04-19,32.172916,0.0,7.0,700.0,800.0,730.0,89.76
2023-04-20,29.731247,0.0,8.0,700.0,810.0,780.0,89.76
2023-04-21,29.366667,0.0,5.0,750.0,850.0,800.0,89.76
2023-04-22,27.243753,0.0,5.0,800.0,900.0,820.0,89.76
2023-04-23,24.781252,2.3000002,5.0,800.0,900.0,820.0,89.76
2023-04-24,26.158335,0.0,8.0,780.0,900.0,830.0,89.76
2023-04-25,28.120834,0.0,5.0,780.0,900.0,820.0,89.76
2023-04-26,29.279165,0.0,8.0,780.0,900.0,820.0,89.76
2023-04-27,28.779167,0.0,7.0,780.0,900.0,820.0,89.76
2023-04-28,27.856253,0.0,6.0,760.0,850.0,810.0,89.76
2023-04-29,24.752085,9.7,6.0,750.0,850.0,800.0,89.76
2023-04-30,23.133337,6.7999988,6.0,750.0,850.0,800.0,89.76
2023-05-01,23.510414,1.9000001,5.0,750.0,850.0,810.0,89.76
2023-05-02,23.65625,14.4,6.0,780.0,900.0,820.0,89.76
2023-05-03,24.666666,0.0,7.0,800.0,900.0,830.0,89.76
2023-05-04,27.125002,0.0,8.0,800.0,900.0,850.0,89.76
2023-05-05,28.768753,0.0,7.0,800.0,900.0,860.0,89.76
2023-05-06,29.785421,0.0,8.0,800.0,900.0,860.0,89.76
2023-05-07,30.175003,0.0,8.0,800.0,900.0,860.0,89.76
2023-05-08,30.858332,0.0,6.0,800.0,900.0,860.0,89.76
2023-05-09,29.199997,0.0,8.0,800.0,900.0,880.0,89.76
2023-05-10,30.268747,0.0,9.0,800.0,930.0,890.0,89.76
2023-05-11,31.54167,0.0,9.0,800.0,930.0,890.0,89.76
2023-05-12,32.79375,0.0,10.0,800.0,980.0,890.0,89.76
2023-05-13,33.87916,0.0,9.0,800.0,920.0,890.0,89.76
2023-05-14,32.96667,0.0,9.0,800.0,920.0,890.0,89.76
2023-05-15,32.877083,0.0,10.0,800.0,950.0,890.0,89.76
2023-05-16,34.404167,0.0,8.0,800.0,920.0,880.0,89.76
2023-05-17,33.268745,0.0,9.0,800.0,910.0,880.0,89.76
2023-05-18,33.19792,0.0,7.0,800.0,920.0,870.0,89.76
2023-05-19,33.8875,0.0,80.0,780.0,980.0,880.0,89.76
2023-05-20,35.447918,0.0,10.0,800.0,920.0,880.0,89.76
2023-05-21,35.618748,0.0,10.0,800.0,920.0,880.0,89.76
2023-05-22,36.341663,0.0,12.0,780.0,980.0,880.0,89.76
2023-05-23,33.83334,0.0,8.0,800.0,920.0,880.0,89.76
2023-05-24,29.695833,11.5,7.0,800.0,920.0,870.0,89.76
2023-05-25,28.641668,5.1,7.0,800.0,900.0,870.0,89.76
2023-05-26,28.539583,1.7,6.0,800.0,900.0,860.0,89.76
2023-05-27,29.212496,0.0,7.0,770.0,970.0,870.0,89.76
2023-05-28,28.42708,0.5,7.0,770.0,970.0,870.0,89.76
2023-05-29,29.768753,0.0,7.0,770.0,970.0,870.0,89.76
2023-05-30,29.685415,0.0,5.0,765.0,965.0,865.0,89.76
2023-05-31,30.070833,0.0,6.0,800.0,900.0,860.0,89.76
2023-06-01,30.94792,0.0,7.0,800.0,900.0,860.0,89.76
2023-06-02,31.62916,0.0,7.0,800.0,900.0,860.0,89.76
2023-06-03,31.200003,0.2,6.0,800.0,920.0,880.0,89.76
2023-06-04,30.0625,0.1,6.0,800.0,920.0,880.0,89.76
2023-06-05,32.485416,0.0,8.0,785.0,985.0,885.0,89.76
2023-06-06,33.15417,0.0,8.0,800.0,920.0,880.0,89.76
2023-06-07,33.09167,0.0,8.0,780.0,980.0,880.0,89.76
2023-06-08,34.472916,0.0,8.0,800.0,900.0,880.0,89.76
2023-06-09,35.129166,0.0,9.0,800.0,1000.0,900.0,89.76
2023-06-10,35.374996,0.0,9.0,850.0,950.0,900.0,89.76
2023-06-11,35.814583,0.0,9.0,850.0,950.0,900.0,89.76
2023-06-12,37.28958,0.0,9.0,800.0,1000.0,900.0,89.76
2023-06-13,37.170834,0.0,8.0,850.0,950.0,900.0,89.76
2023-06-14,35.768753,0.4,8.0,810.0,1000.0,910.0,89.76
2023-06-15,35.0375,0.0,9.0,800.0,1000.0,900.0,89.76
2023-06-16,35.48542,0.3,8.0,800.0,1000.0,900.0,89.76
2023-06-17,35.112503,0.0,9.0,800.0,1000.0,900.0,89.76
2023-06-18,32.093754,1.1,9.0,800.0,1000.0,900.0,89.76
2023-06-19,28.125,37.0,9.0,850.0,950.0,900.0,89.76
2023-06-20,26.9625,43.000004,8.0,850.0,950.0,900.0,89.76
2023-06-21,29.027084,6.799999,5.0,850.0,950.0,900.0,89.76
2023-06-22,30.700003,0.6,8.0,800.0,1000.0,900.0,89.76
2023-06-23,30.772917,15.999999,8.0,850.0,950.0,900.0,89.76
2023-06-24,29.287498,3.1,9.0,800.0,1000.0,900.0,89.76
2023-06-25,28.96875,1.8000001,9.0,800.0,1000.0,900.0,89.76
2023-06-26,30.379168,2.3,9.0,900.0,1000.0,940.0,89.76
2023-06-27,29.872911,7.0999994,8.0,890.0,1000.0,920.0,89.76
2023-06-28,27.86875,27.800003,5.0,850.0,950.0,900.0,89.76
2023-06-29,27.489584,13.6,10.0,850.0,950.0,910.0,89.76
2023-06-30,27.702082,15.000001,9.0,810.0,1010.0,910.0,89.76
2023-07-01,29.366669,0.5,8.0,800.0,1000.0,900.0,89.76
2023-07-02,30.208334,0.2,8.0,800.0,1000.0,900.0,89.76
2023-07-03,30.09167,0.2,5.0,860.0,980.0,910.0,89.76
2023-07-04,29.066666,2.3999999,6.0,900.0,1000.0,940.0,89.76
2023-07-05,28.537498,21.099998,8.0,900.0,1000.0,940.0,89.76
2023-07-06,28.614584,14.500002,7.0,900.0,1000.0,940.0,89.76
2023-07-07,27.98333,41.699997,7.0,900.0,1000.0,970.0,89.76
2023-07-08,28.129168,28.3,7.0,900.0,1000.0,970.0,89.76
2023-07-09,29.477083,11.099999,7.0,900.0,1000.0,970.0,89.76
2023-07-10,28.620832,18.800001,8.0,960.0,1050.0,1000.0,89.76
2023-07-11,28.429161,14.800001,8.0,950.0,1100.0,1010.0,89.76
2023-07-12,28.4,6.9,8.0,900.0,1020.0,990.0,89.76
2023-07-13,29.343752,6.5999994,8.0,900.0,1040.0,1000.0,89.76
2023-07-14,27.916664,9.400002,10.0,900.0,1050.0,1000.0,89.76
2023-07-15,28.854164,21.000002,10.0,1000.0,1100.0,1020.0,89.76
2023-07-16,30.037498,2.1,10.0,1000.0,1100.0,1020.0,89.76
2023-07-17,29.856249,3.6,9.0,1000.0,1100.0,1040.0,89.76
2023-07-18,30.360418,1.8000001,9.0,1000.0,1100.0,1040.0,89.76
2023-07-19,31.575003,0.0,5.0,1000.0,1100.0,1050.0,89.76
2023-07-20,32.041668,0.2,6.0,1000.0,1100.0,1050.0,89.76
2023-07-21,31.31042,0.8,7.0,1000.0,1100.0,1060.0,89.76
2023-07-22,31.339582,0.0,5.0,1000.0,1100.0,1050.0,89.76
2023-07-23,30.747915,3.9000003,5.0,1000.0,1100.0,1050.0,89.76
2023-07-24,29.5,16.7,9.0,900.0,1100.0,1010.0,89.76
2023-07-25,29.522919,7.5999994,10.0,900.0,1050.0,1000.0,89.76
2023-07-26,29.614586,3.6,8.0,900.0,1060.0,1000.0,89.76
2023-07-27,29.695831,1.1,8.0,1000.0,1100.0,1040.0,89.76
2023-07-28,28.879168,10.300002,8.0,1000.0,1100.0,1040.0,89.76
2023-07-29,28.812502,2.6999998,9.0,1000.0,1100.0,1040.0,89.76
2023-07-30,29.695831,2.8,9.0,1000.0,1100.0,1040.0,89.76
2023-07-31,30.491667,1.7,9.0,1000.0,1100.0,1040.0,89.76
2023-08-01,28.720835,17.500002,10.0,1000.0,1100.0,1050.0,89.76
2023-08-02,28.68125,19.1,8.0,920.0,1120.0,1020.0,89.76
2023-08-03,28.57709,22.200003,10.0,1000.0,1100.0,1030.0,89.76
2023-08-04,28.622917,1.5000001,9.0,1000.0,1100.0,1040.0,89.76
2023-08-05,28.860415,12.3,8.0,1000.0,1100.0,1050.0,89.76
2023-08-06,29.7125,0.6,8.0,1000.0,1100.0,1050.0,89.76
2023-08-07,29.379168,0.4,5.0,1000.0,1100.0,1050.0,89.76
2023-08-08,29.61042,0.0,6.0,950.0,1160.0,1060.0,89.76
2023-08-09,29.175001,0.0,10.0,1000.0,1100.0,1020.0,89.76
2023-08-10,29.666664,0.0,12.0,1000.0,1100.0,1020.0,89.76
2023-08-11,30.091665,0.0,10.0,940.0,1140.0,1040.0,89.76
2023-08-12,29.277082,0.0,6.0,1000.0,1100.0,1050.0,89.76
2023-08-13,28.512497,0.70000005,6.0,1000.0,1100.0,1050.0,89.76
2023-08-14,29.108337,0.6,8.0,1000.0,1100.0,1040.0,89.76
2023-08-15,30.21875,1.2,8.0,1000.0,1100.0,1040.0,89.76
2023-08-16,30.664583,0.1,12.0,1000.0,1100.0,1030.0,89.76
2023-08-17,29.683332,6.5,10.0,1000.0,1100.0,1020.0,89.76
2023-08-18,29.979166,1.9,10.0,1000.0,1100.0,1040.0,89.76
2023-08-19,30.550001,0.5,10.0,950.0,1150.0,1050.0,89.76
2023-08-20,30.789581,0.3,10.0,950.0,1150.0,1050.0,89.76
2023-08-21,28.593756,30.8,8.0,960.0,1160.0,1060.0,89.76
2023-08-22,26.424997,47.699997,9.0,960.0,1160.0,1060.0,89.76
2023-08-23,26.775,21.800001,10.0,1000.0,1100.0,1040.0,89.76
2023-08-24,28.772913,0.4,10.0,1000.0,1100.0,1050.0,89.76
2023-08-25,28.989584,0.1,10.0,1000.0,1100.0,1050.0,89.76
2023-08-26,29.145836,0.0,12.0,1000.0,1100.0,1070.0,89.76
2023-08-27,28.502085,0.6,12.0,1000.0,1100.0,1070.0,89.76
2023-08-28,29.154167,0.0,12.0,1000.0,1100.0,1070.0,89.76
2023-08-29,29.495834,0.3,10.0,980.0,1180.0,1080.0,89.76
2023-08-30,29.925001,0.0,10.0,1000.0,1100.0,1050.0,89.76
2023-08-31,30.481253,0.2,8.0,1000.0,1100.0,1060.0,89.76
2023-09-01,30.775002,0.0,7.0,1000.0,1100.0,1050.0,89.76
2023-09-02,30.577082,0.0,8.0,1000.0,1100.0,1080.0,89.76
2023-09-03,30.362501,0.0,8.0,1000.0,1100.0,1080.0,89.76
2023-09-04,29.25625,12.3,10.0,1000.0,1120.0,1070.0,89.76
2023-09-05,28.9375,0.0,10.0,1000.0,1100.0,1070.0,89.76
2023-09-06,29.458334,0.0,10.0,950.0,1050.0,1000.0,89.76
2023-09-07,28.031248,1.9000001,10.0,950.0,1100.0,1010.0,89.76
2023-09-08,26.112501,88.600006,12.0,950.0,1100.0,1010.0,89.76
2023-09-09,26.385416,39.9,10.0,950.0,1050.0,1000.0,89.76
2023-09-10,26.472918,45.3,10.0,950.0,1050.0,1000.0,89.76
2023-09-11,27.37708,3.2000003,12.0,950.0,1100.0,1010.0,89.76
2023-09-12,28.97083,0.4,10.0,920.0,1120.0,1020.0,89.76
2023-09-13,29.475,4.3999996,100.0,1000.0,1100.0,1030.0,89.76
2023-09-14,29.941666,0.1,12.0,1000.0,1100.0,1020.0,89.76
2023-09-15,28.827085,4.7999997,10.0,1000.0,1100.0,1030.0,89.76
2023-09-16,28.756254,0.1,12.0,1000.0,1100.0,1040.0,89.76
2023-09-17,28.483335,0.1,12.0,1000.0,1100.0,1040.0,89.76
2023-09-18,29.18125,0.5,12.0,930.0,1130.0,1030.0,89.76
2023-09-19,29.150002,1.6000001,10.0,1000.0,1100.0,1030.0,89.76
2023-09-20,28.897913,5.2,10.0,1000.0,1100.0,1020.0,89.76
2023-09-21,27.683332,6.7999988,12.0,920.0,1120.0,1020.0,89.76
2023-09-22,28.104164,0.4,10.0,950.0,1100.0,1020.0,89.76
2023-09-23,28.016665,1.0,10.0,910.0,1110.0,1010.0,89.76
2023-09-24,28.072914,0.0,10.0,910.0,1110.0,1010.0,89.76
2023-09-25,27.893751,0.0,10.0,920.0,1120.0,1020.0,89.76
2023-09-26,28.69792,0.0,12.0,1000.0,1100.0,1025.0,89.76
2023-09-27,28.039581,0.0,10.0,950.0,1050.0,1000.0,89.76
2023-09-28,27.875002,0.0,10.0,950.0,1050.0,1000.0,89.76
2023-09-29,27.956247,0.0,10.0,950.0,1050.0,1000.0,89.76
2023-09-30,28.502085,0.1,12.0,950.0,1050.0,1000.0,89.76
2023-10-01,28.52292,0.0,12.0,950.0,1050.0,1000.0,89.76
2023-10-02,26.610415,0.0,10.0,950.0,1050.0,1000.0,89.76
2023-10-03,26.004166,0.0,9.0,900.0,1020.0,990.0,89.76
2023-10-04,27.183329,0.0,12.0,900.0,1050.0,990.0,89.76
2023-10-05,26.704165,0.0,10.0,950.0,1050.0,1000.0,89.76
2023-10-06,27.720833,0.0,12.0,900.0,1020.0,980.0,89.76
2023-10-07,28.429163,0.0,12.0,900.0,1020.0,990.0,89.76
2023-10-08,29.591665,0.0,12.0,900.0,1020.0,990.0,89.76
2023-10-09,28.708336,0.0,10.0,900.0,1020.0,980.0,89.76
2023-10-10,27.98958,0.0,10.0,880.0,1080.0,980.0,89.76
2023-10-11,26.966665,0.0,10.0,860.0,1060.0,960.0,89.76
2023-10-12,27.097918,0.0,12.0,900.0,1000.0,950.0,89.76
2023-10-13,28.366669,0.0,12.0,900.0,1000.0,950.0,89.76
2023-10-14,28.066666,0.0,20.0,900.0,1000.0,950.0,89.76
2023-10-15,26.824999,0.0,20.0,900.0,1000.0,950.0,89.76
2023-10-16,24.40625,1.7,15.0,900.0,1000.0,950.0,89.76
2023-10-17,24.80208,0.0,20.0,840.0,1040.0,940.0,89.76
2023-10-18,24.004166,0.0,20.0,900.0,1000.0,940.0,89.76
2023-10-19,23.689583,0.0,21.0,900.0,1000.0,940.0,89.76
2023-10-20,23.864584,0.0,10.0,900.0,1000.0,940.0,89.76
2023-10-21,23.641668,0.0,22.0,850.0,1000.0,920.0,89.76
2023-10-22,24.156248,0.0,22.0,850.0,1000.0,920.0,89.76
2023-10-23,24.195831,0.0,20.0,900.0,1000.0,950.0,89.76
2023-10-24,23.691668,0.0,30.0,900.0,1000.0,940.0,89.76
2023-10-25,22.939583,0.0,20.0,900.0,1000.0,940.0,89.76
2023-10-26,23.552084,0.0,22.0,850.0,1000.0,920.0,89.76
2023-10-27,24.183329,0.0,20.0,850.0,1000.0,920.0,89.76
2023-10-28,23.797915,0.0,30.0,850.0,950.0,910.0,89.76
2023-10-29,24.210419,0.0,30.0,850.0,950.0,910.0,89.76
2023-10-30,24.183334,0.0,15.0,900.0,1000.0,920.0,89.76
2023-10-31,24.197916,0.0,12.0,850.0,950.0,910.0,89.76
2023-11-01,24.579168,0.0,10.0,850.0,950.0,900.0,89.76
2023-11-02,24.120834,0.0,12.0,860.0,970.0,900.0,89.76
2023-11-03,23.754166,0.0,15.0,810.0,1010.0,910.0,89.76
2023-11-04,23.150002,0.0,12.0,850.0,950.0,900.0,89.76
2023-11-05,23.112503,0.0,12.0,850.0,950.0,900.0,89.76
2023-11-06,23.314585,0.0,20.0,800.0,950.0,890.0,89.76
2023-11-07,23.937494,0.0,12.0,800.0,920.0,880.0,89.76
2023-11-08,23.502085,0.0,22.0,800.0,920.0,870.0,89.76
2023-11-09,23.964584,0.0,12.0,800.0,920.0,880.0,89.76
2023-11-10,22.639582,0.3,20.0,800.0,950.0,890.0,89.76
2023-11-11,20.977083,0.0,50.0,850.0,950.0,900.0,89.76
2023-11-12,20.7625,0.0,50.0,850.0,950.0,900.0,89.76
2023-11-13,20.989584,0.0,20.0,800.0,950.0,890.0,89.76
2023-11-14,20.160418,0.0,20.0,800.0,950.0,890.0,89.76
2023-11-15,20.437502,0.0,12.0,800.0,950.0,890.0,89.76
2023-11-16,20.48125,0.0,2.0,800.0,950.0,880.0,89.76
2023-11-17,19.739584,0.0,20.0,850.0,950.0,900.0,89.76
2023-11-18,20.408333,0.0,40.0,850.0,950.0,900.0,89.76
2023-11-19,20.514582,0.0,40.0,850.0,950.0,900.0,89.76
2023-11-20,20.095835,0.0,20.0,850.0,950.0,900.0,89.76
2023-11-21,18.931248,0.0,40.0,725.0,925.0,825.0,89.76
2023-11-22,19.129168,0.0,20.0,800.0,950.0,890.0,89.76
2023-11-23,18.437502,0.0,21.0,800.0,950.0,890.0,89.76
2023-11-24,18.927084,0.0,20.0,800.0,1000.0,900.0,89.76
2023-11-25,19.712502,0.0,21.0,850.0,950.0,900.0,89.76
2023-11-26,18.49375,1.2,21.0,850.0,950.0,900.0,89.76
2023-11-27,19.227083,0.0,21.0,850.0,950.0,900.0,89.76
2023-11-28,20.070835,0.0,21.0,850.0,950.0,900.0,89.76
2023-11-29,19.643751,0.90000004,25.0,800.0,1000.0,900.0,89.76
2023-11-30,20.243748,0.1,20.0,800.0,1000.0,910.0,89.76
2023-12-01,20.652084,0.0,23.0,810.0,1010.0,910.0,89.76
2023-12-02,21.160418,0.7,30.0,800.0,1000.0,900.0,89.76
2023-12-03,18.127085,15.2,30.0,800.0,1000.0,900.0,89.76
2023-12-04,18.59167,0.1,22.0,850.0,980.0,910.0,89.76
2023-12-05,18.820833,0.0,12.0,900.0,1100.0,1000.0,89.76
2023-12-06,19.716665,0.0,100.0,900.0,1100.0,1010.0,89.76
2023-12-07,18.391668,0.0,120.0,950.0,1100.0,1010.0,89.76
2023-12-08,17.658333,0.0,150.0,910.0,1110.0,1010.0,89.76
2023-12-09,16.391666,0.0,70.0,900.0,1050.0,1000.0,89.76
2023-12-10,15.925,0.0,70.0,900.0,1050.0,1000.0,89.76
2023-12-11,16.0875,0.0,120.0,900.0,1100.0,1000.0,89.76
2023-12-12,16.33125,0.0,100.0,800.0,920.0,880.0,89.76
2023-12-13,15.481251,0.0,150.0,700.0,900.0,800.0,89.76
2023-12-14,15.612502,0.0,50.0,700.0,900.0,800.0,89.76
2023-12-15,16.289583,0.0,70.0,700.0,900.0,800.0,89.76
2023-12-16,14.547917,0.0,22.0,700.0,890.0,800.0,89.76
2023-12-17,14.808334,0.0,22.0,700.0,890.0,800.0,89.76
2023-12-18,14.035417,0.0,100.0,700.0,900.0,800.0,89.76
2023-12-19,13.849998,0.0,70.0,700.0,800.0,750.0,89.76
2023-12-20,14.320834,0.0,150.0,700.0,800.0,750.0,89.76
2023-12-21,14.841667,0.0,160.0,640.0,840.0,740.0,89.76
2023-12-22,15.05,0.1,120.0,700.0,900.0,800.0,89.76
2023-12-23,15.633332,0.0,80.0,750.0,850.0,800.0,89.76
2023-12-24,15.445832,0.0,80.0,750.0,850.0,800.0,89.76
2023-12-25,15.345834,0.0,80.0,700.0,820.0,780.0,89.76
2023-12-26,15.514583,0.0,82.0,700.0,800.0,780.0,89.76
2023-12-27,13.937499,0.0,80.0,700.0,800.0,760.0,89.76
2023-12-28,13.166668,0.0,40.0,700.0,800.0,740.0,89.76
2023-12-29,11.745833,0.0,50.0,700.0,800.0,740.0,89.76
2023-12-30,11.531251,0.0,140.0,700.0,800.0,740.0,89.76
2023-12-31,14.183333,0.0,140.0,700.0,800.0,740.0,89.76
2024-01-01,13.168751,0.0,150.0,700.0,800.0,740.0,89.76
2024-01-02,14.041667,0.70000005,160.0,650.0,850.0,750.0,89.76
2024-01-03,14.866666,0.0,10.0,780.0,980.0,880.0,89.76
2024-01-04,14.347916,0.6,12.0,700.0,820.0,780.0,89.76
2024-01-05,15.1916685,0.0,80.0,700.0,900.0,800.0,89.76
2024-01-06,12.95,0.0,70.0,700.0,900.0,800.0,89.76
2024-01-07,13.585416,0.0,70.0,700.0,900.0,800.0,89.76
2024-01-08,14.079167,15.8,150.0,700.0,920.0,780.0,89.76
2024-01-09,12.120833,0.0,160.0,700.0,800.0,740.0,89.76
2024-01-10,11.177083,0.0,140.0,700.0,800.0,750.0,89.76
2024-01-11,11.437499,0.0,140.0,700.0,820.0,760.0,89.76
2024-01-12,11.895833,0.0,160.0,700.0,800.0,760.0,89.76
2024-01-13,11.772916,0.0,150.0,600.0,780.0,700.0,89.76
2024-01-14,11.354167,0.0,150.0,600.0,780.0,700.0,89.76
2024-01-15,9.520833,0.0,140.0,650.0,750.0,700.0,89.76
2024-01-16,9.147916,0.0,120.0,680.0,800.0,720.0,89.76
2024-01-17,9.46875,0.0,112.0,700.0,800.0,720.0,89.76
2024-01-18,9.010417,0.0,105.0,700.0,800.0,750.0,89.76
2024-01-19,11.143749,0.0,140.0,700.0,800.0,750.0,89.76
2024-01-20,10.022916,0.0,120.0,700.0,800.0,760.0,89.76
2024-01-21,9.862499,0.0,120.0,700.0,800.0,760.0,89.76
2024-01-22,10.181251,0.0,100.0,650.0,750.0,700.0,89.76
2024-01-23,11.877083,0.0,120.0,690.0,800.0,730.0,89.76
2024-01-24,12.04375,0.0,130.0,650.0,800.0,730.0,89.76
2024-01-25,11.689583,0.0,80.0,700.0,800.0,730.0,89.76
2024-01-26,12.795835,0.0,100.0,700.0,800.0,720.0,89.76
2024-01-27,14.491666,0.0,120.0,700.0,800.0,730.0,89.76
2024-01-28,15.302083,0.0,120.0,700.0,800.0,730.0,89.76
2024-01-29,16.102081,0.0,120.0,700.0,800.0,730.0,89.76
2024-01-30,16.027084,0.0,100.0,650.0,750.0,710.0,89.76
2024-01-31,16.822916,1.0,80.0,650.0,750.0,700.0,89.76
2024-02-01,15.033332,0.0,100.0,650.0,750.0,700.0,89.76
2024-02-02,15.397916,0.0,37.0,650.0,750.0,710.0,89.76
2024-02-03,16.65,7.2999997,60.0,650.0,780.0,710.0,89.76
2024-02-04,16.214582,1.9000001,60.0,650.0,780.0,710.0,89.76
2024-02-05,14.2854185,0.0,35.0,650.0,750.0,700.0,89.76
2024-02-06,13.766667,0.0,70.0,650.0,800.0,710.0,89.76
2024-02-07,13.839585,0.0,70.0,650.0,800.0,710.0,89.76
2024-02-08,13.989585,0.0,70.0,600.0,800.0,700.0,89.76
2024-02-09,14.329165,0.0,50.0,650.0,760.0,700.0,89.76
2024-02-10,14.568749,0.0,50.0,650.0,750.0,700.0,89.76
2024-02-11,15.895833,0.0,50.0,650.0,750.0,700.0,89.76
2024-02-12,18.01875,0.3,40.0,650.0,790.0,710.0,89.76
2024-02-13,18.25625,0.0,70.0,650.0,750.0,700.0,89.76
2024-02-14,17.989584,0.0,50.0,650.0,800.0,710.0,89.76
2024-02-15,17.187498,0.0,40.0,650.0,756.0,710.0,89.76
2024-02-16,17.522915,0.0,40.0,650.0,800.0,710.0,89.76
2024-02-17,18.620832,0.0,40.0,800.0,900.0,840.0,89.76
2024-02-18,20.585417,0.0,40.0,800.0,900.0,840.0,89.76
2024-02-19,20.85,1.2,30.0,850.0,950.0,900.0,89.76
2024-02-20,20.25,3.4,30.0,850.0,950.0,900.0,89.76
2024-02-21,17.708334,0.1,20.0,800.0,1000.0,900.0,89.76
2024-02-22,16.65,0.0,20.0,850.0,1000.0,920.0,89.76
2024-02-23,16.810415,0.0,20.0,800.0,1000.0,920.0,89.76
2024-02-24,17.883333,0.0,14.0,830.0,1030.0,930.0,89.76
2024-02-25,18.383333,0.4,14.0,830.0,1030.0,930.0,89.76
2024-02-26,18.591667,0.0,30.0,830.0,1030.0,930.0,89.76
2024-02-27,18.33125,0.0,20.0,950.0,1090.0,1010.0,89.76
2024-02-28,19.168753,0.0,20.0,920.0,1120.0,1020.0,89.76
2024-02-29,21.129168,0.0,30.0,1000.0,1050.0,1025.0,89.76
2024-03-01,21.137499,7.0,20.0,950.0,1100.0,1020.0,89.76
2024-03-02,19.225,5.7000003,20.0,1000.0,1100.0,1025.0,89.76
2024-03-03,18.637503,0.2,20.0,1000.0,1100.0,1025.0,89.76
2024-03-04,16.418749,0.0,22.0,1000.0,1100.0,1060.0,89.76
2024-03-05,16.64375,0.0,20.0,1000.0,1100.0,1060.0,89.76
2024-03-06,17.40625,0.0,20.0,1000.0,1100.0,1060.0,89.76
2024-03-07,18.506248,0.0,15.0,1000.0,1100.0,1070.0,89.76
2024-03-08,18.5375,0.0,16.0,1000.0,1100.0,1080.0,89.76
2024-03-09,19.4125,0.0,12.0,1000.0,1100.0,1070.0,89.76
2024-03-10,22.166666,0.0,12.0,1000.0,1100.0,1070.0,89.76
2024-03-11,23.474998,0.0,12.0,1000.0,1100.0,1070.0,89.76
2024-03-12,23.072914,0.0,14.0,1000.0,1120.0,1080.0,89.76
2024-03-13,23.247917,0.0,20.0,980.0,1180.0,1080.0,89.76
2024-03-14,22.429169,0.0,20.0,1100.0,1250.0,1200.0,89.76
2024-03-15,21.052084,0.0,20.0,1300.0,1400.0,1350.0,89.76
2024-03-16,21.058332,0.0,20.0,1200.0,1350.0,1300.0,89.76
2024-03-17,21.416666,0.0,20.0,1200.0,1350.0,1300.0,89.76
2024-03-18,22.13125,0.0,12.0,1360.0,1450.0,1400.0,89.76
2024-03-19,22.789583,0.0,22.0,1300.0,1420.0,1390.0,89.76
2024-03-20,22.03125,0.0,20.0,1270.0,1470.0,1370.0,89.76
2024-03-21,23.883337,0.0,12.0,1300.0,1420.0,1390.0,89.76
2024-03-22,25.581251,0.0,20.0,1300.0,1420.0,1360.0,89.76
2024-03-23,27.066666,0.0,20.0,1300.0,1430.0,1360.0,89.76
2024-03-24,26.539581,0.0,20.0,1300.0,1430.0,1360.0,89.76
2024-03-25,26.427086,0.0,15.0,1300.0,1420.0,1370.0,89.76
2024-03-26,27.85417,0.0,12.0,1300.0,1450.0,1370.0,89.76
2024-03-27,29.283335,0.0,10.0,1300.0,1420.0,1380.0,89.76
2024-03-28,29.381248,0.1,10.0,1300.0,1450.0,1380.0,89.76
2024-03-29,29.777084,0.0,20.0,1300.0,1420.0,1390.0,89.76
2024-03-30,29.102083,0.0,10.0,1300.0,1450.0,1390.0,89.76
2024-03-31,27.856247,0.0,10.0,1300.0,1450.0,1390.0,89.76
2024-04-01,26.637503,0.0,10.0,1300.0,1500.0,1400.0,89.76
2024-04-02,28.137499,0.0,12.0,1300.0,1500.0,1400.0,89.76
2024-04-03,29.372915,0.0,20.0,1300.0,1500.0,1400.0,89.76
2024-04-04,30.08333,0.0,20.0,1300.0,1450.0,1400.0,89.76
2024-04-05,28.816666,0.0,22.0,1300.0,1500.0,1400.0,89.76
2024-04-06,28.933332,0.0,12.0,1300.0,1500.0,1410.0,89.76
2024-04-07,28.387497,0.0,12.0,1300.0,1500.0,1410.0,89.76
2024-04-08,29.718752,0.0,22.0,1300.0,1460.0,1410.0,89.76
2024-04-09,29.339582,0.0,20.0,1400.0,1500.0,1450.0,89.76
2024-04-10,30.475,0.0,20.0,1400.0,1500.0,1420.0,89.76
2024-04-11,30.30417,0.0,20.0,1400.0,1520.0,1490.0,89.76
2024-04-12,29.783339,0.0,12.0,1400.0,1550.0,1490.0,89.76
2024-04-13,29.210419,0.0,10.0,1400.0,1550.0,1500.0,89.76
2024-04-14,30.460419,0.0,10.0,1400.0,1550.0,1500.0,89.76
2024-04-15,31.9,0.0,10.0,1400.0,1550.0,1500.0,89.76
2024-04-16,31.179167,0.0,12.0,1450.0,1600.0,1510.0,89.76
2024-04-17,32.289585,0.0,20.0,1450.0,1700.0,1520.0,89.76
2024-04-18,32.689587,0.0,10.0,1450.0,1600.0,1520.0,89.76
2024-04-19,31.879166,0.0,10.0,1400.0,1600.0,1510.0,89.76
2024-04-20,30.89583,0.0,10.0,1500.0,1600.0,1520.0,89.76
2024-04-21,31.318754,0.0,10.0,1500.0,1600.0,1520.0,89.76
2024-04-22,31.36458,0.0,20.0,1450.0,1600.0,1520.0,89.76
2024-04-23,31.620832,0.0,12.0,1500.0,1620.0,1590.0,89.76
2024-04-24,32.18333,0.0,20.0,1500.0,1600.0,1540.0,89.76
2024-04-25,33.133335,0.0,22.0,1500.0,1600.0,1570.0,89.76
2024-04-26,33.297913,0.0,40.0,1460.0,1660.0,1560.0,89.76
2024-04-27,33.677082,0.0,10.0,1480.0,1680.0,1580.0,89.76
2024-04-28,33.2875,0.0,10.0,1480.0,1680.0,1580.0,89.76
2024-04-29,32.720833,0.0,22.0,1450.0,1650.0,1550.0,89.76
2024-04-30,30.408333,0.0,20.0,1500.0,1600.0,1560.0,89.76
2024-05-01,28.827082,0.0,20.0,1500.0,1650.0,1590.0,89.76
2024-05-02,30.75,0.0,20.0,1450.0,1650.0,1550.0,89.76
2024-05-03,33.310417,0.0,20.0,1500.0,1700.0,1600.0,89.76
2024-05-04,33.197918,0.0,30.0,1560.0,1700.0,1670.0,89.76
2024-05-05,34.445835,0.0,30.0,1560.0,1700.0,1670.0,89.76
2024-05-06,32.75,0.0,20.0,1500.0,1650.0,1610.0,89.76
2024-05-07,31.831247,0.3,22.0,1500.0,1700.0,1630.0,89.76
2024-05-08,31.791672,0.1,20.0,1500.0,1700.0,1620.0,89.76
2024-05-09,32.372917,0.1,100.0,1560.0,1700.0,1620.0,89.76
2024-05-10,30.683332,7.2,120.0,1500.0,1700.0,1620.0,89.76
2024-05-11,31.539583,0.0,120.0,1500.0,1700.0,1620.0,89.76
2024-05-12,33.281254,0.0,120.0,1500.0,1700.0,1620.0,89.76
2024-05-13,34.75417,0.0,120.0,1500.0,1700.0,1620.0,89.76
2024-05-14,34.98125,0.0,50.0,1600.0,1700.0,1650.0,89.76
2024-05-15,35.12083,0.0,150.0,1600.0,1700.0,1650.0,89.76
2024-05-16,36.366665,0.0,120.0,1600.0,1700.0,1650.0,89.76
2024-05-17,37.989582,0.0,120.0,1600.0,1700.0,1660.0,89.76
2024-05-18,37.670834,0.0,60.0,1600.0,1700.0,1660.0,89.76
2024-05-19,35.885418,0.0,60.0,1600.0,1700.0,1660.0,89.76
2024-05-20,35.19583,0.0,50.0,1600.0,1700.0,1650.0,89.76
2024-05-21,34.975002,0.0,60.0,1500.0,1700.0,1600.0,89.76
2024-05-22,34.60208,0.0,70.0,1600.0,1710.0,1670.0,89.76
2024-05-23,34.883335,0.0,200.0,1570.0,1770.0,1670.0,89.76
2024-05-24,37.08541,0.0,500.0,1560.0,1760.0,1660.0,89.76
2024-05-25,37.954166,0.0,80.0,1570.0,1770.0,1670.0,89.76
2024-05-26,38.21875,0.0,80.0,1570.0,1770.0,1670.0,89.76
2024-05-27,38.71458,0.0,80.0,1550.0,1750.0,1650.0,89.76
2024-05-28,38.954166,0.0,80.0,1550.0,1750.0,1650.0,89.76
2024-05-29,39.91042,0.0,80.0,1570.0,1770.0,1670.0,89.76
2024-05-30,38.960415,0.0,80.0,1600.0,1800.0,1700.0,89.76
2024-05-31,38.78333,0.0,80.0,1600.0,1800.0,1700.0,89.76
2024-06-01,37.189583,0.0,100.0,1600.0,1800.0,1700.0,89.76
2024-06-02,37.16458,0.0,100.0,1600.0,1800.0,1700.0,89.76
2024-06-03,37.429173,0.0,90.0,1600.0,1800.0,1700.0,89.76
2024-06-04,36.935413,0.0,90.0,1590.0,1790.0,1690.0,89.76
2024-06-05,35.41875,0.0,40.0,1650.0,1750.0,1700.0,89.76
2024-06-06,36.31042,0.0,25.0,1600.0,1750.0,1700.0,89.76
2024-06-07,37.066666,0.0,50.0,1600.0,1730.0,1690.0,89.76
2024-06-08,36.635418,0.0,60.0,1600.0,1720.0,1690.0,89.76
2024-06-09,36.516666,0.0,60.0,1600.0,1720.0,1690.0,89.76
2024-06-10,38.045834,0.0,40.0,1600.0,1800.0,1700.0,89.76
2024-06-11,38.295834,0.0,30.0,1600.0,1800.0,1700.0,89.76
2024-06-12,38.629166,0.0,40.0,1600.0,1800.0,1700.0,89.76
2024-06-13,38.45,0.0,30.0,1600.0,1780.0,1700.0,89.76
2024-06-14,38.387497,0.0,20.0,1600.0,1800.0,1710.0,89.76
2024-06-15,39.09792,0.0,22.0,1650.0,1800.0,1710.0,89.76
2024-06-16,39.985416,0.0,22.0,1650.0,1800.0,1710.0,89.76
2024-06-17,38.935413,0.1,40.0,1650.0,1800.0,1720.0,89.76
2024-06-18,36.879166,0.0,50.0,1700.0,1800.0,1720.0,89.76
2024-06-19,35.497913,0.0,30.0,1650.0,1750.0,1700.0,89.76
2024-06-20,33.350002,0.8,20.0,1670.0,1800.0,1720.0,89.76
2024-06-21,32.652084,6.1,30.0,1650.0,1800.0,1730.0,89.76
2024-06-22,32.30417,10.500001,30.0,1700.0,1800.0,1730.0,89.76
2024-06-23,31.860415,11.700001,30.0,1700.0,1800.0,1730.0,89.76
2024-06-24,31.73958,22.2,20.0,1700.0,1800.0,1730.0,89.76
2024-06-25,30.918753,5.3,30.0,1650.0,1750.0,1700.0,89.76
2024-06-26,31.4375,17.7,20.0,1700.0,1800.0,1750.0,89.76
2024-06-27,30.05625,17.800003,20.0,1700.0,1820.0,1780.0,89.76
2024-06-28,28.643751,18.400003,25.0,1800.0,1950.0,1900.0,89.76
2024-06-29,28.000002,27.800001,25.0,1850.0,2020.0,1920.0,89.76
2024-06-30,29.310415,8.099999,25.0,1850.0,2020.0,1920.0,89.76
2024-07-01,29.15417,12.299999,20.0,1900.0,2000.0,1950.0,89.76
2024-07-02,27.983332,21.000002,20.0,1950.0,2050.0,2000.0,89.76
2024-07-03,27.691664,29.900002,20.0,1950.0,2050.0,2000.0,89.76
2024-07-04,27.964582,14.400001,25.0,2000.0,2100.0,2050.0,89.76
2024-07-05,27.377083,24.399998,25.0,2000.0,2120.0,2050.0,89.76
2024-07-06,28.227083,4.7000003,40.0,2000.0,2100.0,2040.0,89.76
2024-07-07,29.512503,4.5999994,40.0,2000.0,2100.0,2040.0,89.76
2024-07-08,29.88125,12.100001,30.0,2000.0,2200.0,2100.0,89.76
2024-07-09,30.5375,5.2999997,50.0,2000.0,2200.0,2100.0,89.76
2024-07-10,29.862501,12.300001,120.0,2000.0,2230.0,2120.0,89.76
2024-07-11,30.577085,0.70000005,130.0,2100.0,2240.0,2190.0,89.76
2024-07-12,29.452085,1.4000002,20.0,2010.0,2200.0,2140.0,89.76
2024-07-13,29.866667,2.0000002,22.0,2100.0,2200.0,2180.0,89.76
2024-07-14,30.033335,13.700001,22.0,2100.0,2200.0,2180.0,89.76
2024-07-15,31.395834,0.70000005,220.0,2100.0,2250.0,2190.0,89.76
2024-07-16,30.747917,0.4,200.0,2150.0,2250.0,2200.0,89.76
2024-07-17,30.289587,8.200001,210.0,2100.0,2250.0,2200.0,89.76
2024-07-18,29.379164,14.300001,200.0,2100.0,2300.0,2200.0,89.76
2024-07-19,30.69792,12.0,300.0,2100.0,2300.0,2200.0,89.76
2024-07-20,31.160414,0.5,100.0,2100.0,2300.0,2210.0,89.76
2024-07-21,30.437498,6.7999997,100.0,2100.0,2300.0,2210.0,89.76
2024-07-22,29.81875,15.6,100.0,2100.0,2250.0,2200.0,89.76
2024-07-23,29.102081,19.400003,40.0,2150.0,2250.0,2200.0,89.76
2024-07-24,29.339582,13.700002,100.0,2100.0,2250.0,2200.0,89.76
2024-07-25,29.28125,5.8999996,70.0,2100.0,2250.0,2170.0,89.76
2024-07-26,29.585413,13.300001,80.0,2150.0,2250.0,2200.0,89.76
2024-07-27,30.493752,4.1999993,100.0,2150.0,2250.0,2200.0,89.76
2024-07-28,31.193748,1.0000001,100.0,2150.0,2250.0,2200.0,89.76
2024-07-29,30.518747,25.1,120.0,2150.0,2250.0,2200.0,89.76
2024-07-30,29.274996,14.2,120.0,2100.0,2250.0,2200.0,89.76
2024-07-31,28.368752,7.6,80.0,2100.0,2250.0,2180.0,89.76
2024-08-01,28.956251,3.7999997,75.0,2100.0,2250.0,2180.0,89.76
2024-08-02,29.099997,1.5,120.0,2100.0,2250.0,2200.0,89.76
2024-08-03,28.264585,5.2999997,80.0,2050.0,2200.0,2160.0,89.76
2024-08-04,29.004166,0.5,80.0,2050.0,2200.0,2160.0,89.76
2024-08-05,29.0,9.0,170.0,2100.0,2230.0,2170.0,89.76
2024-08-06,27.185415,37.3,140.0,2100.0,2250.0,2180.0,89.76
2024-08-07,27.881248,2.0,120.0,2100.0,2200.0,2150.0,89.76
2024-08-08,26.900003,14.200002,110.0,2100.0,2200.0,2150.0,89.76
2024-08-09,27.40625,17.800001,120.0,2100.0,2200.0,2140.0,89.76
2024-08-10,27.497917,14.2,200.0,2100.0,2220.0,2150.0,89.76
2024-08-11,27.460413,5.9999995,200.0,2100.0,2220.0,2150.0,89.76
2024-08-12,28.445831,1.7,150.0,2100.0,2200.0,2160.0,89.76
2024-08-13,27.933336,33.7,140.0,2100.0,2200.0,2140.0,89.76
2024-08-14,28.393747,17.1,140.0,2100.0,2200.0,2140.0,89.76
2024-08-15,28.643751,8.200001,140.0,2100.0,2200.0,2140.0,89.76
2024-08-16,28.975004,1.8000001,150.0,2050.0,2220.0,2130.0,89.76
2024-08-17,27.922918,10.200001,120.0,2000.0,2230.0,2130.0,89.76
2024-08-18,28.283333,20.6,120.0,2000.0,2230.0,2130.0,89.76
2024-08-19,27.570833,6.7000003,140.0,2000.0,2250.0,2140.0,89.76
2024-08-20,28.064585,3.3999996,50.0,2020.0,2250.0,2140.0,89.76
2024-08-21,28.02083,8.599999,70.0,3400.0,3560.0,3500.0,89.76
2024-08-22,28.091665,5.7999997,130.0,2020.0,2250.0,2120.0,89.76
2024-08-23,27.70417,20.600002,120.0,2000.0,2225.0,2120.0,89.76
2024-08-24,28.074999,2.2,110.0,2000.0,2230.0,2130.0,89.76
2024-08-25,27.647919,15.3,110.0,2000.0,2230.0,2130.0,89.76
2024-08-26,26.98958,6.1000004,30.0,2000.0,2220.0,2130.0,89.76
2024-08-27,26.937494,5.2,120.0,2000.0,2250.0,2120.0,89.76
2024-08-28,28.533335,0.4,110.0,2020.0,2220.0,2120.0,89.76
2024-08-29,28.13125,16.0,120.0,2000.0,2200.0,2120.0,89.76
2024-08-30,28.818756,0.5,120.0,2020.0,2200.0,2120.0,89.76
2024-08-31,28.785416,13.100001,110.0,2000.0,2200.0,2100.0,89.76
2024-09-01,28.443748,0.6,110.0,2000.0,2200.0,2100.0,89.76
2024-09-02,29.068747,8.5,50.0,2020.0,2220.0,2120.0,89.76
2024-09-03,28.433334,20.600002,120.0,2000.0,2250.0,2120.0,89.76
2024-09-04,27.602083,2.8999996,120.0,2000.0,2150.0,2070.0,89.76
2024-09-05,27.531252,8.299999,50.0,2000.0,2120.0,2050.0,89.76
2024-09-06,28.416666,11.099999,120.0,1900.0,2100.0,2000.0,89.76
2024-09-07,28.847918,5.3999996,180.0,1900.0,2050.0,1980.0,89.76
2024-09-08,27.808332,15.1,180.0,1900.0,2050.0,1980.0,89.76
2024-09-09,28.431252,2.1999998,120.0,1900.0,2050.0,1980.0,89.76
2024-09-10,26.670832,81.100006,50.0,1900.0,2000.0,1950.0,89.76
2024-09-11,25.872917,17.2,40.0,1900.0,2000.0,1940.0,89.76
2024-09-12,26.691666,11.2,40.0,1900.0,2000.0,1940.0,89.76
2024-09-13,26.90833,0.1,120.0,1900.0,2050.0,1940.0,89.76
2024-09-14,27.3375,0.0,70.0,1900.0,2050.0,1970.0,89.76
2024-09-15,27.656252,0.90000004,70.0,1900.0,2050.0,1970.0,89.76
2024-09-16,27.15625,14.4,120.0,1900.0,2050.0,1980.0,89.76
2024-09-17,25.716667,73.1,130.0,1900.0,2090.0,1990.0,89.76
2024-09-18,26.4125,0.1,80.0,1900.0,2080.0,1980.0,89.76
2024-09-19,26.931252,0.0,120.0,1900.0,2050.0,1985.0,89.76
2024-09-20,28.256254,0.0,50.0,1900.0,2050.0,1980.0,89.76
2024-09-21,29.099998,0.0,60.0,1900.0,2050.0,1980.0,89.76
2024-09-22,29.881248,0.0,60.0,1900.0,2050.0,1980.0,89.76
2024-09-23,29.916666,0.0,70.0,1900.0,2100.0,2000.0,89.76
2024-09-24,28.74792,9.4,50.0,1900.0,2150.0,2020.0,89.76
2024-09-25,27.370832,1.0,120.0,1900.0,2100.0,2000.0,89.76
2024-09-26,26.522917,1.5000002,70.0,1900.0,2150.0,2020.0,89.76
2024-09-27,26.504166,12.2,120.0,1900.0,2150.0,2020.0,89.76
2024-09-28,26.670835,13.400002,100.0,1950.0,2150.0,2020.0,89.76
2024-09-29,27.458336,0.8000001,100.0,1950.0,2150.0,2020.0,89.76
2024-09-30,28.075003,0.0,70.0,1900.0,2150.0,2030.0,89.76
2024-10-01,28.956245,0.0,80.0,1950.0,2120.0,2030.0,89.76
2024-10-02,28.46875,0.0,30.0,1900.0,2150.0,2030.0,89.76
2024-10-03,27.72917,0.0,50.0,2000.0,2150.0,2040.0,89.76
2024-10-04,28.268747,0.9,140.0,1950.0,2150.0,2040.0,89.76
2024-10-05,27.65417,0.5,100.0,1900.0,2250.0,2040.0,89.76
2024-10-06,26.53125,1.6,100.0,1900.0,2250.0,2040.0,89.76
2024-10-07,27.325003,0.0,70.0,1950.0,2150.0,2040.0,89.76
2024-10-08,27.106247,0.0,20.0,1900.0,2150.0,2020.0,89.76
2024-10-09,26.447916,0.0,50.0,1900.0,2130.0,2030.0,89.76
2024-10-10,26.36458,0.0,40.0,1900.0,2150.0,2030.0,89.76
2024-10-11,27.245834,0.0,60.0,1900.0,2150.0,2030.0,89.76
2024-10-12,26.322916,0.0,50.0,1900.0,2150.0,2030.0,89.76
2024-10-13,26.089582,0.2,50.0,1900.0,2150.0,2030.0,89.76
2024-10-14,25.699999,0.0,40.0,1900.0,2190.0,2020.0,89.76
2024-10-15,25.668747,0.0,30.0,1900.0,2150.0,2030.0,89.76
2024-10-16,25.991667,0.0,40.0,1900.0,2100.0,2000.0,89.76
2024-10-17,26.104166,0.0,40.0,1900.0,2100.0,2000.0,89.76
2024-10-18,26.779167,0.0,50.0,1900.0,2100.0,2000.0,89.76
2024-10-19,26.864584,0.0,80.0,1900.0,2100.0,2010.0,89.76
2024-10-20,26.51667,0.0,80.0,1900.0,2100.0,2010.0,89.76
2024-10-21,26.279165,0.0,80.0,1900.0,2160.0,2010.0,89.76
2024-10-22,25.552086,0.0,40.0,1800.0,2000.0,1900.0,89.76
2024-10-23,26.39167,0.1,90.0,1800.0,2000.0,1900.0,89.76
2024-10-24,26.212502,0.0,80.0,1800.0,2000.0,1910.0,89.76
2024-10-25,25.139585,0.0,140.0,1900.0,2050.0,1940.0,89.76
2024-10-26,25.877083,0.0,80.0,1890.0,2050.0,1980.0,89.76
2024-10-27,26.583336,0.0,80.0,1890.0,2050.0,1980.0,89.76
2024-10-28,26.625,0.0,70.0,1800.0,2050.0,1920.0,89.76
2024-10-29,26.777084,0.0,140.0,1890.0,2050.0,1940.0,89.76
2024-10-30,26.610415,0.0,130.0,1830.0,2030.0,1930.0,89.76
2024-10-31,25.283333,0.0,130.0,1800.0,2050.0,1930.0,89.76
2024-11-01,24.210417,0.0,110.0,1800.0,2020.0,1920.0,89.76
2024-11-02,24.568748,0.0,50.0,1900.0,2050.0,1920.0,89.76
2024-11-03,24.820833,0.0,50.0,1900.0,2050.0,1920.0,89.76
2024-11-04,24.0375,0.0,120.0,1820.0,2020.0,1920.0,89.76
2024-11-05,24.972916,0.0,100.0,1800.0,2000.0,1900.0,89.76
2024-11-06,24.597916,0.2,95.0,1800.0,2000.0,1910.0,89.76
2024-11-07,24.383331,0.0,40.0,3900.0,4150.0,4060.0,89.76
2024-11-08,24.035414,0.0,40.0,1800.0,2000.0,1900.0,89.76
2024-11-09,24.108332,0.0,120.0,1800.0,2000.0,1900.0,89.76
2024-11-10,24.672915,0.0,120.0,1800.0,2000.0,1900.0,89.76
2024-11-11,24.310417,0.0,120.0,1800.0,2050.0,1910.0,89.76
2024-11-12,23.106249,0.0,100.0,1800.0,2000.0,1910.0,89.76
2024-11-13,22.110418,0.0,120.0,1820.0,2020.0,1920.0,89.76
2024-11-14,22.049997,0.0,120.0,1890.0,2050.0,1920.0,89.76
2024-11-15,21.835419,0.0,110.0,1800.0,2090.0,1920.0,89.76
2024-11-16,21.839582,0.0,125.0,1800.0,2090.0,1920.0,89.76
2024-11-17,20.839584,0.0,125.0,1800.0,2090.0,1920.0,89.76
2024-11-18,18.935417,0.0,60.0,1800.0,2010.0,1930.0,89.76
2024-11-19,18.199999,0.0,50.0,1900.0,2050.0,1940.0,89.76
2024-11-20,18.0375,0.0,40.0,1890.0,2090.0,1940.0,89.76
2024-11-21,18.3,0.0,150.0,1900.0,2050.0,1950.0,89.76
2024-11-22,18.658333,0.0,80.0,1850.0,2050.0,1950.0,89.76
2024-11-23,18.977083,0.0,120.0,1850.0,2050.0,1950.0,89.76
2024-11-24,19.377083,0.0,120.0,1850.0,2050.0,1950.0,89.76
2024-11-25,18.483334,0.0,110.0,1900.0,2090.0,1940.0,89.76
2024-11-26,18.041666,0.0,50.0,1900.0,2000.0,1950.0,89.76
2024-11-27,17.539587,0.0,70.0,1800.0,2090.0,1930.0,89.76
2024-11-28,16.916668,0.0,120.0,1850.0,2050.0,1930.0,89.76
2024-11-29,16.9875,0.0,50.0,1900.0,2050.0,1950.0,89.76
2024-11-30,17.44375,0.0,90.0,1800.0,2000.0,1900.0,89.76
2024-12-01,17.9125,0.0,90.0,1800.0,2000.0,1900.0,89.76
2024-12-02,18.160416,0.0,90.0,1800.0,2000.0,1900.0,89.76
2024-12-03,18.366665,0.0,80.0,1800.0,2000.0,1900.0,89.76
2024-12-04,16.972916,0.0,70.0,1750.0,2020.0,1920.0,89.76
2024-12-05,16.164583,0.0,40.0,1900.0,2050.0,1940.0,89.76
2024-12-06,16.206251,0.0,80.0,1900.0,2090.0,1980.0,89.76
2024-12-07,15.854168,0.0,25.0,1900.0,2100.0,2000.0,89.76
2024-12-08,16.106249,0.0,25.0,1900.0,2100.0,2000.0,89.76
2024-12-09,14.239582,0.0,45.0,1800.0,2000.0,1900.0,89.76
2024-12-10,12.735417,0.0,50.0,1810.0,2010.0,1910.0,89.76
2024-12-11,12.856251,0.0,60.0,1600.0,1800.0,1700.0,89.76
2024-12-12,13.539584,0.0,66.0,1650.0,1850.0,1720.0,89.76
2024-12-13,12.633331,0.0,50.0,1600.0,1800.0,1720.0,89.76
2024-12-14,12.710418,0.0,90.0,1800.0,2000.0,1900.0,89.76
2024-12-15,13.420833,0.0,90.0,1800.0,2000.0,1900.0,89.76
2024-12-16,13.691666,0.0,100.0,1750.0,1950.0,1850.0,89.76
2024-12-17,13.954166,0.0,60.0,1800.0,1950.0,1860.0,89.76
2024-12-18,14.133335,0.0,50.0,1600.0,1850.0,1760.0,89.76
2024-12-19,14.610416,0.0,50.0,1650.0,1850.0,1750.0,89.76
2024-12-20,14.993749,0.0,25.0,1700.0,1900.0,1800.0,89.76
2024-12-21,14.497917,0.0,70.0,1600.0,1800.0,1700.0,89.76
2024-12-22,15.599998,0.0,70.0,1600.0,1800.0,1700.0,89.76
2024-12-23,15.693749,12.200001,70.0,1600.0,1800.0,1700.0,89.76
2024-12-24,17.158335,0.5,60.0,1500.0,1700.0,1600.0,89.76
2024-12-25,17.46875,0.0,80.0,1450.0,1650.0,1580.0,89.76
2024-12-26,18.895832,0.0,80.0,1480.0,1680.0,1580.0,89.76
2024-12-27,18.90417,2.7,70.0,1460.0,1660.0,1560.0,89.76
2024-12-28,17.033335,0.2,50.0,1400.0,1546.0,1500.0,89.76
2024-12-29,13.899999,0.0,50.0,1400.0,1546.0,1500.0,89.76
2024-12-30,12.825,0.0,60.0,1400.0,1560.0,1500.0,89.76
2024-12-31,11.889583,0.0,60.0,1400.0,1600.0,1500.0,89.76
2025-01-01,12.556252,0.0,60.0,1400.0,1600.0,1500.0,89.76
2025-01-02,12.989582,0.0,50.0,1350.0,1550.0,1450.0,89.76
2025-01-03,12.489583,0.0,60.0,1350.0,1550.0,1450.0,89.76
2025-01-04,12.083335,0.0,60.0,1300.0,1450.0,1400.0,89.76
2025-01-05,12.012501,0.0,60.0,1300.0,1450.0,1400.0,89.76
2025-01-06,12.764581,0.0,50.0,1300.0,1400.0,1350.0,89.76
2025-01-07,12.583335,0.0,50.0,1300.0,1400.0,1350.0,89.76
2025-01-08,12.685416,0.0,60.0,1250.0,1350.0,1300.0,89.76
2025-01-09,12.077085,0.0,30.0,1250.0,1350.0,1300.0,89.76
2025-01-10,13.279167,0.0,40.0,1300.0,1400.0,1340.0,89.76
2025-01-11,15.202084,1.2,120.0,1300.0,1420.0,1340.0,89.76
2025-01-12,14.779166,0.0,120.0,1300.0,1420.0,1340.0,89.76
2025-01-13,13.677085,0.0,80.0,1230.0,1400.0,1320.0,89.76
2025-01-14,13.870833,0.0,80.0,1300.0,1400.0,1320.0,89.76
2025-01-15,13.654168,0.7,70.0,1300.0,1400.0,1320.0,89.76
2025-01-16,13.525001,0.0,70.0,1230.0,1420.0,1320.0,89.76
2025-01-17,12.597917,0.0,110.0,1200.0,1350.0,1300.0,89.76
2025-01-18,14.074998,0.0,70.0,1200.0,1400.0,1300.0,89.76
2025-01-19,17.710419,0.0,70.0,1200.0,1400.0,1300.0,89.76
2025-01-20,16.875002,0.0,80.0,1200.0,1400.0,1310.0,89.76
2025-01-21,16.166668,0.0,130.0,1200.0,1400.0,1300.0,89.76
2025-01-22,16.158335,0.0,90.0,1200.0,1350.0,1290.0,89.76
2025-01-23,15.5270815,0.0,150.0,1200.0,1300.0,1250.0,89.76
2025-01-24,14.252084,0.0,120.0,1100.0,1250.0,1200.0,89.76
2025-01-25,13.560417,0.0,90.0,1100.0,1300.0,1210.0,89.76
2025-01-26,13.250001,0.0,90.0,1100.0,1300.0,1210.0,89.76
2025-01-27,14.172916,0.0,80.0,1100.0,1250.0,1200.0,89.76
2025-01-28,14.818748,0.0,80.0,1100.0,1250.0,1180.0,89.76
2025-01-29,15.8,0.0,70.0,1000.0,1240.0,1190.0,89.76
2025-01-30,17.291666,0.0,90.0,1000.0,1150.0,1090.0,89.76
2025-01-31,18.174997,0.0,80.0,1000.0,1150.0,1080.0,89.76
2025-02-01,18.418749,0.0,80.0,1000.0,1150.0,1080.0,89.76
2025-02-02,17.806252,0.0,80.0,1000.0,1150.0,1080.0,89.76
2025-02-03,19.147915,0.6,80.0,1000.0,1150.0,1080.0,89.76
2025-02-04,18.241667,0.0,80.0,1000.0,1150.0,1080.0,89.76
2025-02-05,16.05,0.0,80.0,1000.0,1150.0,1080.0,89.76
2025-02-06,15.939583,0.0,80.0,1000.0,1150.0,1080.0,89.76
2025-02-07,16.639584,0.0,80.0,1000.0,1150.0,1080.0,89.76
2025-02-08,18.002083,0.0,80.0,1000.0,1150.0,1080.0,89.76
2025-02-09,18.902082,0.0,80.0,1000.0,1150.0,1080.0,89.76
2025-02-10,20.40625,0.0,80.0,1000.0,1150.0,1080.0,89.76
2025-02-11,20.589584,0.0,80.0,1000.0,1150.0,1080.0,89.76
2025-02-12,18.6625,0.0,80.0,1000.0,1150.0,1080.0,89.76
2025-02-13,19.072916,0.0,80.0,1000.0,1150.0,1080.0,89.76
2025-02-14,20.018747,0.0,80.0,1000.0,1150.0,1080.0,89.76
2025-02-15,20.210417,0.0,80.0,1000.0,1150.0,1080.0,89.76
2025-02-16,21.0375,0.0,80.0,1000.0,1150.0,1080.0,89.76
2025-02-17,20.260416,0.1,80.0,1000.0,1150.0,1080.0,89.76
2025-02-18,20.591665,0.0,80.0,1000.0,1150.0,1080.0,89.76
2025-02-19,20.672918,0.1,80.0,1000.0,1150.0,1080.0,89.76
2025-02-20,21.18125,0.0,80.0,1000.0,1150.0,1080.0,89.76
2025-02-21,19.743748,0.0,80.0,1000.0,1150.0,1080.0,89.76
2025-02-22,19.189583,0.0,80.0,1000.0,1150.0,1080.0,89.76
2025-02-23,19.252085,0.0,80.0,1000.0,1150.0,1080.0,89.76
2025-02-24,19.9625,0.0,80.0,1000.0,1150.0,1080.0,89.76
2025-02-25,21.464582,0.0,80.0,1000.0,1150.0,1080.0,89.76
2025-02-26,22.03125,0.0,80.0,1000.0,1150.0,1080.0,89.76
2025-02-27,23.110418,0.0,80.0,1000.0,1150.0,1080.0,89.76
2025-02-28,21.670835,1.3,80.0,1000.0,1150.0,1080.0,89.76
2025-03-01,21.766665,0.0,90.0,900.0,1100.0,1000.0,89.76
2025-03-02,20.7125,0.0,90.0,900.0,1100.0,1000.0,89.76
2025-03-03,22.21875,0.0,100.0,1000.0,1150.0,1080.0,89.76
2025-03-04,19.1125,0.0,80.0,1000.0,1120.0,1080.0,89.76
2025-03-05,19.060415,0.0,110.0,1000.0,1150.0,1100.0,89.76
2025-03-06,20.15625,0.0,100.0,1000.0,1200.0,1100.0,89.76
2025-03-07,21.177082,0.0,80.0,1100.0,1250.0,1200.0,89.76
2025-03-08,22.312498,0.0,50.0,1120.0,1320.0,1220.0,89.76
2025-03-09,23.045832,0.0,50.0,1120.0,1320.0,1220.0,89.76
2025-03-10,24.466667,0.0,60.0,1120.0,1320.0,1230.0,89.76
2025-03-11,25.720827,0.0,80.0,1150.0,1250.0,1200.0,89.76
2025-03-12,25.477087,0.0,60.0,1100.0,1250.0,1200.0,89.76
2025-03-13,25.839584,0.0,50.0,1200.0,1300.0,1250.0,89.76
2025-03-14,25.702082,0.0,50.0,1200.0,1300.0,1250.0,89.76
2025-03-15,24.497915,0.7,60.0,1200.0,1350.0,1250.0,89.76
2025-03-16,24.385416,0.1,60.0,1200.0,1350.0,1250.0,89.76
2025-03-17,21.945833,0.0,50.0,1150.0,1350.0,1250.0,89.76
2025-03-18,22.702082,0.0,40.0,1140.0,1340.0,1240.0,89.76
2025-03-19,24.285418,0.0,40.0,1140.0,1340.0,1240.0,89.76
2025-03-20,23.93125,0.0,40.0,1140.0,1340.0,1240.0,89.76
2025-03-21,23.17083,0.2,50.0,1180.0,1380.0,1280.0,89.76
2025-03-22,23.285416,0.0,50.0,1200.0,1300.0,1250.0,89.76
2025-03-23,24.293747,0.0,50.0,1200.0,1300.0,1250.0,89.76
2025-03-24,25.154167,0.0,50.0,1200.0,1300.0,1250.0,89.76
2025-03-25,27.085417,0.0,60.0,1200.0,1300.0,1250.0,89.76
2025-03-26,28.879166,0.0,50.0,1200.0,1320.0,1260.0,89.76
2025-03-27,27.61458,0.0,60.0,1200.0,1300.0,1250.0,89.76
2025-03-28,24.431252,0.0,40.0,1200.0,1320.0,1250.0,89.76
2025-03-29,24.514585,0.0,60.0,1200.0,1350.0,1260.0,89.76
2025-03-30,25.429169,0.0,60.0,1200.0,1350.0,1260.0,89.76
2025-03-31,26.79583,0.0,50.0,1200.0,1300.0,1250.0,89.76
2025-04-01,27.433334,0.0,40.0,1200.0,1350.0,1260.0,89.76
2025-04-02,27.910418,0.0,70.0,1200.0,1320.0,1260.0,89.76
2025-04-03,28.745832,0.0,80.0,1160.0,1360.0,1260.0,89.76
2025-04-04,28.960419,0.0,70.0,1200.0,1350.0,1270.0,89.76
2025-04-05,29.387499,0.0,60.0,1170.0,1370.0,1270.0,89.76
2025-04-06,30.141665,0.0,60.0,1170.0,1370.0,1270.0,89.76
2025-04-07,31.268747,0.0,70.0,1200.0,1350.0,1270.0,89.76
2025-04-08,31.691666,0.0,70.0,1200.0,1320.0,1270.0,89.76
2025-04-09,30.597918,0.1,60.0,1200.0,1320.0,1260.0,89.76
2025-04-10,28.504168,1.1,60.0,1200.0,1320.0,1260.0,89.76
2025-04-11,29.089579,0.2,50.0,1200.0,1300.0,1250.0,89.76
2025-04-12,28.839584,0.0,70.0,1200.0,1320.0,1270.0,89.76
2025-04-13,28.333334,0.0,70.0,1200.0,1320.0,1270.0,89.76
2025-04-14,29.48541,0.0,60.0,1200.0,1320.0,1260.0,89.76
2025-04-15,30.608332,0.0,70.0,1200.0,1300.0,1260.0,89.76
2025-04-16,32.03125,0.0,70.0,1200.0,1350.0,1260.0,89.76
2025-04-17,32.114582,0.0,80.0,1200.0,1300.0,1250.0,89.76
2025-04-18,31.960417,0.0,50.0,1200.0,1300.0,1250.0,89.76
2025-04-19,32.56458,0.0,60.0,1200.0,1300.0,1250.0,89.76
2025-04-20,33.43333,0.0,60.0,1200.0,1300.0,1250.0,89.76
2025-04-21,32.872913,0.0,50.0,1150.0,1350.0,1250.0,89.76
2025-04-22,31.675001,0.0,60.0,1200.0,1350.0,1260.0,89.76
2025-04-23,32.670834,0.0,70.0,1170.0,1370.0,1270.0,89.76
2025-04-24,33.883335,0.0,70.0,1200.0,1320.0,1275.0,89.76
2025-04-25,33.78333,0.0,80.0,1200.0,1350.0,1280.0,89.76
2025-04-26,32.877083,0.0,70.0,1200.0,1350.0,1280.0,89.76
2025-04-27,31.574997,0.0,70.0,1200.0,1350.0,1280.0,89.76
2025-04-28,30.506247,0.3,70.0,1200.0,1320.0,1270.0,89.76
2025-04-29,30.425003,0.0,80.0,1200.0,1300.0,1250.0,89.76
2025-04-30,30.829163,0.0,70.0,1200.0,1350.0,1270.0,89.76
2025-05-01,30.231253,0.2,82.0,1100.0,1250.0,1200.0,89.76
2025-05-02,30.331251,0.0,45.0,1100.0,1400.0,1230.0,89.76
2025-05-03,29.831251,5.4,70.0,1100.0,1250.0,1200.0,89.76
2025-05-04,30.304167,0.0,70.0,1100.0,1250.0,1200.0,89.76
2025-05-05,30.089584,0.0,46.0,1140.0,1340.0,1240.0,89.76
2025-05-06,30.970833,0.0,40.0,1100.0,1320.0,1220.0,89.76
2025-05-07,31.066668,0.1,30.0,1150.0,1320.0,1230.0,89.76
2025-05-08,30.612497,0.8,22.0,1150.0,1350.0,1250.0,89.76
2025-05-09,31.674995,0.5,110.0,1100.0,1250.0,1200.0,89.76
2025-05-10,33.533333,0.0,120.0,1100.0,1250.0,1200.0,89.76
2025-05-11,33.522915,0.0,120.0,1100.0,1250.0,1200.0,89.76
2025-05-12,33.879166,0.0,50.0,1100.0,1250.0,1200.0,89.76
2025-05-13,34.11875,0.0,60.0,1100.0,1250.0,1200.0,89.76
2025-05-14,34.656246,0.0,20.0,1100.0,1250.0,1200.0,89.76
2025-05-15,35.216663,0.0,60.0,1100.0,1320.0,1220.0,89.76
2025-05-16,34.872913,0.0,120.0,1100.0,1300.0,1210.0,89.76
2025-05-17,34.539585,0.0,110.0,1100.0,1250.0,1200.0,89.76
2025-05-18,34.12084,0.0,110.0,1100.0,1250.0,1200.0,89.76
2025-05-19,34.772915,0.0,110.0,1100.0,1250.0,1200.0,89.76
2025-05-20,34.270832,0.4,110.0,1100.0,1300.0,1210.0,89.76
2025-05-21,31.675001,0.0,120.0,1100.0,1300.0,1220.0,89.76
2025-05-22,32.43125,0.0,5.0,1100.0,1200.0,1150.0,89.76
2025-05-23,33.077084,0.2,50.0,1100.0,1300.0,1210.0,89.76
2025-05-24,32.422916,0.4,110.0,1100.0,1320.0,1220.0,89.76
2025-05-25,32.262497,1.7,110.0,1100.0,1320.0,1220.0,89.76
2025-05-26,33.32083,0.1,80.0,1100.0,1250.0,1200.0,89.76
2025-05-27,34.427082,0.0,70.0,1100.0,1250.0,1200.0,89.76
2025-05-28,35.033333,0.6,70.0,1100.0,1300.0,1210.0,89.76
2025-05-29,35.825,0.0,120.0,1100.0,1320.0,1220.0,89.76
2025-05-30,35.170837,0.0,40.0,1100.0,1300.0,1210.0,89.76
2025-05-31,33.43125,0.0,45.0,1100.0,1250.0,1200.0,89.76
2025-06-01,30.762499,1.6,45.0,1100.0,1250.0,1200.0,89.76
2025-06-02,30.760412,0.0,100.0,1100.0,1300.0,1210.0,89.76
2025-06-03,31.002085,0.0,70.0,1100.0,1300.0,1210.0,89.76
2025-06-04,30.079168,0.3,80.0,1150.0,1300.0,1220.0,89.76
2025-06-05,31.864586,0.0,110.0,1100.0,1250.0,1200.0,89.76
2025-06-06,34.03542,0.0,70.0,1100.0,1250.0,1180.0,89.76
2025-06-07,35.66875,0.0,70.0,1100.0,1250.0,1200.0,89.76
2025-06-08,37.354168,0.0,70.0,1100.0,1250.0,1200.0,89.76
2025-06-09,37.60625,0.0,90.0,1100.0,1250.0,1190.0,89.76
2025-06-10,37.266666,0.1,40.0,1100.0,1250.0,1200.0,89.76
2025-06-11,37.368748,0.5,45.0,1100.0,1250.0,1200.0,89.76
2025-06-12,36.64792,0.5,130.0,1200.0,1320.0,1230.0,89.76
2025-06-13,37.11458,0.0,70.0,1200.0,1300.0,1220.0,89.76
2025-06-14,34.39375,0.4,120.0,1200.0,1300.0,1220.0,89.76
2025-06-15,32.66458,8.7,120.0,1200.0,1300.0,1220.0,89.76
2025-06-16,32.737503,15.5,80.0,1100.0,1300.0,1220.0,89.76
2025-06-17,32.345837,0.9,72.0,1200.0,1300.0,1220.0,89.76
2025-06-18,31.558332,8.799999,72.0,1200.0,1300.0,1220.0,89.76
2025-06-19,29.1875,15.8,75.0,1100.0,1250.0,1200.0,89.76
2025-06-20,31.337502,0.4,80.0,1100.0,1250.0,1200.0,89.76
2025-06-21,30.108335,15.1,40.0,1100.0,1250.0,1200.0,89.76
2025-06-22,30.41667,3.2999997,40.0,1100.0,1250.0,1200.0,89.76
2025-06-23,30.40833,3.6999998,50.0,1200.0,1300.0,1240.0,89.76
2025-06-24,31.177086,2.6999998,80.0,1200.0,1300.0,1240.0,89.76
2025-06-25,31.716661,1.2,40.0,1200.0,1300.0,1240.0,89.76
2025-06-26,30.924997,11.5,45.0,1200.0,1300.0,1240.0,89.76
2025-06-27,30.081251,2.1000001,46.0,1200.0,1300.0,1250.0,89.76
2025-06-28,30.133331,5.9,120.0,1100.0,1300.0,1220.0,89.76
2025-06-29,29.179167,14.4000025,120.0,1100.0,1300.0,1220.0,89.76
2025-06-30,29.231255,1.0,80.0,1120.0,1320.0,1220.0,89.76
2025-07-01,28.745829,15.600001,80.0,1100.0,1250.0,1200.0,89.76
2025-07-02,29.766665,4.7,70.0,1000.0,1250.0,1200.0,89.76
2025-07-03,29.512503,10.599999,120.0,1120.0,1300.0,1220.0,89.76
2025-07-04,30.004168,3.0000002,140.0,1120.0,1250.0,1200.0,89.76
2025-07-05,30.208334,3.9999998,120.0,1100.0,1300.0,1220.0,89.76
2025-07-06,30.137503,29.800001,120.0,1100.0,1300.0,1220.0,89.76
2025-07-07,30.924997,9.1,70.0,1200.0,1320.0,1230.0,89.76
2025-07-08,28.756254,5.7999997,220.0,1100.0,1250.0,1200.0,89.76
2025-07-09,29.204165,0.5,210.0,1100.0,1250.0,1200.0,89.76
2025-07-10,29.162498,11.199999,140.0,1100.0,1300.0,1220.0,89.76
2025-07-11,27.9375,20.200003,200.0,1100.0,1320.0,1220.0,89.76
2025-07-12,28.893747,20.6,120.0,1100.0,1320.0,1220.0,89.76
2025-07-13,29.241667,4.8,120.0,1100.0,1320.0,1220.0,89.76
2025-07-14,29.570831,1.2,220.0,1100.0,1250.0,1200.0,89.76
2025-07-15,29.414583,5.799999,220.0,1100.0,1300.0,1220.0,89.76
2025-07-16,28.333334,6.9999995,120.0,1100.0,1320.0,1220.0,89.76
2025-07-17,27.316671,16.3,140.0,1100.0,1320.0,1220.0,89.76
2025-07-18,29.60417,0.0,110.0,1100.0,1250.0,1200.0,89.76
2025-07-19,30.306252,0.2,120.0,1100.0,1350.0,1220.0,89.76
2025-07-20,29.57708,4.6,120.0,1100.0,1350.0,1220.0,89.76
2025-07-21,30.239586,0.3,120.0,1100.0,1300.0,1210.0,89.76
2025-07-22,30.175001,1.0,110.0,1100.0,1300.0,1200.0,89.76
2025-07-23,30.408335,0.5,140.0,1100.0,1280.0,1180.0,89.76
2025-07-24,30.472916,6.1,140.0,1080.0,1280.0,1180.0,89.76
2025-07-25,29.68542,11.800001,125.0,1100.0,1300.0,1210.0,89.76
2025-07-26,30.125002,1.6000001,120.0,1100.0,1250.0,1200.0,89.76
2025-07-27,29.379168,3.2999997,120.0,1100.0,1250.0,1200.0,89.76
2025-07-28,27.554169,23.5,120.0,1100.0,1300.0,1200.0,89.76
2025-07-29,27.997917,11.300001,120.0,1100.0,1300.0,1200.0,89.76
2025-07-30,28.204165,21.0,180.0,1025.0,1225.0,1125.0,89.76
2025-07-31,28.354164,8.299999,110.0,1000.0,1220.0,1120.0,89.76
2025-08-01,28.92708,7.0,120.0,1000.0,1200.0,1120.0,89.76
2025-08-02,27.445833,34.5,160.0,1000.0,1100.0,1060.0,89.76
2025-08-03,27.027084,11.000001,160.0,1000.0,1100.0,1060.0,89.76
2025-08-04,27.583334,14.099999,160.0,1000.0,1100.0,1060.0,89.76
2025-08-05,28.485418,0.8,150.0,1000.0,1100.0,1050.0,89.76
2025-08-06,29.983335,0.0,190.0,1000.0,1150.0,1090.0,89.76
2025-08-07,29.202082,6.3,180.0,1000.0,1120.0,1080.0,89.76
2025-08-08,28.3375,4.3999996,120.0,1000.0,1200.0,1100.0,89.76
2025-08-09,28.51042,1.2,110.0,1000.0,1200.0,1100.0,89.76
2025-08-10,28.479166,14.100002,110.0,1000.0,1200.0,1100.0,89.76
2025-08-11,29.527084,5.6,120.0,1000.0,1120.0,1080.0,89.76
2025-08-12,29.033335,7.5,190.0,1000.0,1150.0,1090.0,89.76
2025-08-13,28.125002,20.900003,110.0,1000.0,1200.0,1100.0,89.76
2025-08-14,29.670832,0.1,120.0,1000.0,1200.0,1100.0,89.76
2025-08-15,30.329163,0.3,120.0,1000.0,1200.0,1100.0,89.76
2025-08-16,30.264582,1.2,120.0,1000.0,1200.0,1100.0,89.76
2025-08-17,29.712502,0.4,120.0,1000.0,1200.0,1100.0,89.76
2025-08-18,29.847921,0.1,110.0,1000.0,1200.0,1100.0,89.76
2025-08-19,29.056253,1.8,180.0,1000.0,1120.0,1070.0,89.76
2025-08-20,28.724998,4.3999996,120.0,1000.0,1200.0,1100.0,89.76
2025-08-21,28.9125,0.3,130.0,1000.0,1200.0,1100.0,89.76
2025-08-22,28.631248,0.6,120.0,1000.0,1200.0,1100.0,89.76
2025-08-23,27.39792,12.7,120.0,1100.0,1200.0,1120.0,89.76
2025-08-24,27.36458,20.1,120.0,1100.0,1200.0,1120.0,89.76
2025-08-25,28.141665,3.0,140.0,1000.0,1200.0,1100.0,89.76
2025-08-26,29.241667,2.9,170.0,1000.0,1120.0,1070.0,89.76
2025-08-27,29.402086,2.6999998,150.0,1000.0,1100.0,1050.0,89.76
2025-08-28,29.106247,1.1,140.0,1000.0,1120.0,1030.0,89.76
2025-08-29,29.00625,1.0,200.0,1000.0,1120.0,1030.0,89.76
2025-08-30,27.158333,31.9,190.0,900.0,1050.0,990.0,89.76
2025-08-31,26.285418,45.199997,190.0,900.0,1050.0,990.0,89.76
2025-09-01,26.775,12.5,200.0,900.0,1020.0,980.0,89.76
2025-09-02,27.74167,15.999999,200.0,880.0,1080.0,980.0,89.76
2025-09-03,28.354164,7.2999997,210.0,900.0,1050.0,960.0,89.76
2025-09-04,27.737501,23.7,210.0,860.0,1060.0,960.0,89.76
2025-09-05,29.081251,2.8999999,220.0,900.0,1050.0,950.0,89.76
2025-09-06,28.762503,4.6,2.0,900.0,1000.0,960.0,89.76
2025-09-07,28.139582,8.2,2.0,900.0,1000.0,960.0,89.76
2025-09-08,29.164583,0.2,200.0,900.0,1000.0,975.0,89.76
2025-09-09,29.639585,0.1,210.0,900.0,1000.0,950.0,89.76
2025-09-10,28.889585,0.0,160.0,900.0,1000.0,950.0,89.76
2025-09-11,28.73333,0.2,120.0,950.0,1100.0,1030.0,89.76
2025-09-12,29.104166,0.2,120.0,930.0,1130.0,1030.0,89.76
2025-09-13,29.683334,0.1,200.0,950.0,1120.0,1010.0,89.76
2025-09-14,29.06875,1.1,200.0,950.0,1120.0,1010.0,89.76
2025-09-15,27.816664,4.9999995,210.0,950.0,1050.0,1000.0,89.76
2025-09-16,27.35,1.9000001,180.0,1000.0,1120.0,1080.0,89.76
2025-09-17,27.081251,14.4,220.0,900.0,1090.0,1020.0,89.76
2025-09-18,27.856253,2.3,120.0,900.0,1050.0,1000.0,89.76
2025-09-19,29.022917,0.1,220.0,950.0,1050.0,1000.0,89.76
2025-09-20,28.918753,0.0,140.0,950.0,1050.0,1000.0,89.76
2025-09-21,29.058332,0.0,140.0,950.0,1050.0,1000.0,89.76
2025-09-22,29.483332,0.0,220.0,980.0,1120.0,1020.0,89.76
2025-09-23,29.462502,0.0,200.0,950.0,1120.0,1020.0,89.76
2025-09-24,29.604166,0.0,200.0,950.0,1050.0,1000.0,89.76
2025-09-25,29.995832,0.0,120.0,950.0,1050.0,1000.0,89.76
2025-09-26,29.127083,5.999999,120.0,950.0,1050.0,1000.0,89.76
2025-09-27,29.81875,0.0,120.0,950.0,1050.0,1000.0,89.76
2025-09-28,28.833338,1.5,120.0,950.0,1050.0,1000.0,89.76
2025-09-29,28.435417,9.199999,250.0,950.0,1100.0,1010.0,89.76
2025-09-30,27.608332,20.1,120.0,950.0,1050.0,1000.0,89.76
2025-10-01,26.775,5.6999993,140.0,950.0,1050.0,1000.0,89.76
2025-10-02,26.991669,0.90000004,140.0,950.0,1050.0,1000.0,89.76
2025-10-03,27.424997,0.0,210.0,900.0,1120.0,1020.0,89.76
2025-10-04,28.07292,0.0,210.0,1000.0,1120.0,1080.0,89.76
2025-10-05,27.352081,0.0,210.0,1000.0,1120.0,1080.0,89.76
2025-10-06,24.935415,2.9,200.0,1000.0,1120.0,1080.0,89.76
2025-10-07,24.666666,0.2,220.0,1000.0,1120.0,1080.0,89.76
2025-10-08,24.30208,0.0,200.0,1000.0,1150.0,1090.0,89.76
2025-10-09,23.895834,0.0,190.0,1000.0,1150.0,1090.0,89.76
2025-10-10,23.633331,0.0,110.0,1000.0,1200.0,1100.0,89.76
2025-10-11,24.083334,0.0,120.0,1000.0,1200.0,1100.0,89.76
2025-10-12,24.320837,0.0,120.0,1000.0,1200.0,1100.0,89.76
2025-10-13,24.195833,0.0,230.0,1100.0,1200.0,1150.0,89.76
2025-10-14,24.383337,0.0,350.0,1100.0,1250.0,1150.0,89.76
2025-10-15,24.368753,0.0,360.0,1100.0,1250.0,1140.0,89.76
2025-10-16,24.254166,0.0,230.0,1050.0,1250.0,1120.0,89.76
2025-10-17,24.704168,0.0,730.0,1000.0,1230.0,1130.0,89.76
2025-10-18,25.352081,0.0,200.0,1050.0,1250.0,1120.0,89.76
2025-10-19,25.279165,0.1,200.0,1050.0,1250.0,1120.0,89.76
2025-10-20,25.916664,0.0,220.0,1100.0,1250.0,1180.0,89.76
2025-10-21,26.164583,0.0,210.0,1100.0,1250.0,1170.0,89.76
2025-10-22,26.112497,0.0,200.0,1100.0,1250.0,1170.0,89.76
2025-10-23,25.514582,0.0,180.0,1100.0,1250.0,1180.0,89.76
2025-10-24,24.793747,0.2,400.0,1100.0,1250.0,1200.0,89.76
2025-10-25,24.872915,0.0,240.0,1100.0,1250.0,1180.0,89.76
2025-10-26,22.258331,4.7999997,240.0,1100.0,1250.0,1180.0,89.76
2025-10-27,20.445835,30.900002,220.0,1100.0,1250.0,1170.0,89.76
2025-10-28,23.504166,0.4,200.0,1100.0,1250.0,1180.0,89.76
2025-10-29,22.743752,14.4,280.0,1100.0,1250.0,1180.0,89.76
2025-10-30,22.67292,2.0,250.0,1100.0,1250.0,1170.0,89.76
2025-10-31,24.372917,0.0,260.0,1200.0,1350.0,1300.0,89.76
2025-11-01,24.008333,0.0,250.0,1200.0,1350.0,1300.0,89.76
2025-11-02,22.829163,0.0,250.0,1200.0,1350.0,1300.0,89.76
2025-11-03,22.727083,0.0,230.0,1200.0,1350.0,1300.0,89.76
2025-11-04,23.656248,0.0,220.0,1200.0,1350.0,1300.0,89.76
2025-11-05,21.085417,0.0,220.0,1200.0,1350.0,1300.0,89.76
2025-11-06,19.164585,0.0,200.0,1200.0,1320.0,1290.0,89.76
2025-11-07,18.987501,0.0,250.0,1300.0,1400.0,1320.0,89.76
2025-11-08,18.058332,0.0,260.0,1300.0,1400.0,1320.0,89.76
2025-11-09,18.335417,0.0,260.0,1300.0,1400.0,1320.0,89.76
2025-11-10,18.470835,0.0,250.0,1300.0,1450.0,1400.0,89.76
2025-11-11,18.520834,0.0,400.0,1300.0,1400.0,1350.0,89.76
2025-11-12,18.400002,0.0,250.0,1300.0,1450.0,1400.0,89.76
2025-11-13,17.872915,0.0,300.0,1300.0,1450.0,1370.0,89.76
2025-11-14,17.729168,0.0,40.0,1300.0,1500.0,1400.0,89.76
2025-11-15,17.495834,0.0,450.0,1300.0,1400.0,1350.0,89.76
2025-11-16,17.814583,0.0,450.0,1300.0,1400.0,1350.0,89.76
2025-11-17,18.020834,0.0,450.0,1300.0,1400.0,1350.0,89.76
2025-11-18,18.481249,0.0,430.0,1200.0,1350.0,1260.0,89.76
2025-11-19,18.918749,0.0,400.0,1200.0,1350.0,1260.0,89.76
2025-11-20,19.187498,0.0,400.0,1200.0,1300.0,1240.0,89.76
2025-11-21,18.910418,0.0,350.0,1200.0,1300.0,1240.0,89.76
2025-11-22,18.652082,0.0,350.0,1200.0,1300.0,1240.0,89.76
2025-11-23,18.28125,0.0,350.0,1200.0,1300.0,1240.0,89.76
2025-11-24,17.093752,0.0,400.0,1150.0,1250.0,1200.0,89.76
2025-11-25,16.427082,0.0,400.0,1150.0,1250.0,1200.0,89.76
2025-11-26,16.195831,0.0,250.0,1150.0,1320.0,1220.0,89.76
2025-11-27,15.916667,0.0,400.0,1120.0,1300.0,1250.0,89.76
2025-11-28,16.74375,0.0,400.0,1000.0,1200.0,1100.0,89.76
2025-11-29,17.672915,0.0,190.0,1100.0,1250.0,1160.0,89.76
2025-11-30,16.95625,0.0,190.0,1100.0,1250.0,1160.0,89.76
2025-12-01,17.404167,0.0,420.0,1000.0,1200.0,1100.0,89.76
2025-12-02,17.622917,0.0,400.0,1000.0,1200.0,1100.0,89.76
2025-12-03,14.752083,0.0,350.0,1000.0,1200.0,1100.0,89.76
2025-12-04,14.197918,0.0,450.0,1000.0,1120.0,1050.0,89.76
2025-12-05,14.497916,0.0,300.0,1000.0,1100.0,1030.0,89.76
2025-12-06,15.360417,0.0,350.0,900.0,1050.0,1000.0,89.76
2025-12-07,16.047918,0.0,350.0,900.0,1050.0,1000.0,89.76
2025-12-08,15.850001,0.0,250.0,900.0,1050.0,1000.0,89.76
2025-12-09,15.5,0.0,400.0,900.0,1050.0,1000.0,89.76
2025-12-10,16.15,0.0,400.0,900.0,1050.0,1000.0,89.76
2025-12-11,16.133335,0.0,450.0,800.0,1000.0,920.0,89.76
2025-12-12,15.852085,0.0,420.0,900.0,1050.0,1000.0,89.76
2025-12-13,15.641665,0.0,420.0,900.0,1050.0,1000.0,89.76
2025-12-14,14.760418,0.0,420.0,900.0,1050.0,1000.0,89.76
2025-12-15,14.991666,0.0,250.0,840.0,1040.0,940.0,89.76
2025-12-16,15.306251,0.0,30.0,830.0,1030.0,930.0,89.76
2025-12-17,14.104167,0.0,30.0,830.0,1030.0,930.0,89.76
2025-12-18,13.2541685,0.0,460.0,850.0,950.0,900.0,89.76
2025-12-19,12.781251,0.0,400.0,800.0,900.0,850.0,89.76
2025-12-20,12.41875,0.0,300.0,800.0,900.0,840.0,89.76
2025-12-21,12.787499,0.0,300.0,800.0,900.0,840.0,89.76
2025-12-22,14.868749,0.0,400.0,700.0,850.0,800.0,89.76
2025-12-23,15.087502,0.0,460.0,700.0,850.0,790.0,89.76
2025-12-24,13.762501,0.0,80.0,750.0,850.0,800.0,89.76
2025-12-25,13.383332,0.0,80.0,750.0,850.0,800.0,89.76
2025-12-26,13.312501,0.0,400.0,700.0,850.0,800.0,89.76
2025-12-27,13.052083,0.0,420.0,700.0,880.0,790.0,89.76
2025-12-28,12.8083315,0.0,420.0,700.0,880.0,790.0,89.76
2025-12-29,12.508332,0.0,190.0,700.0,850.0,790.0,89.76
2025-12-30,12.652083,0.0,180.0,700.0,850.0,790.0,89.76
2025-12-31,13.51875,0.0,200.0,700.0,850.0,790.0,89.76
2026-01-01,13.843751,0.2,170.0,700.0,850.0,790.0,87.76
2026-01-02,13.231251,0.1,170.0,700.0,850.0,790.0,87.76
2026-01-03,12.185416,0.2,170.0,700.0,850.0,790.0,87.76
2026-01-04,11.387501,0.0,170.0,700.0,850.0,790.0,87.76
2026-01-05,11.724999,0.0,400.0,600.0,750.0,700.0,87.76
2026-01-06,11.172916,0.0,300.0,600.0,750.0,700.0,87.76
2026-01-07,9.999999,0.0,250.0,650.0,750.0,700.0,87.76
2026-01-08,11.435416,0.0,260.0,650.0,750.0,700.0,87.76
2026-01-09,13.299999,0.0,170.0,650.0,750.0,700.0,87.76
2026-01-10,13.1875,0.0,170.0,650.0,750.0,730.0,87.76
2026-01-11,11.8395815,0.0,170.0,650.0,750.0,730.0,87.76
2026-01-12,12.014584,0.0,440.0,650.0,750.0,700.0,87.76
2026-01-13,12.520832,0.0,460.0,600.0,780.0,680.0,87.76
2026-01-14,11.985417,0.0,400.0,600.0,800.0,705.0,87.76
2026-01-15,12.277084,0.0,400.0,600.0,750.0,705.0,87.76
2026-01-16,12.945834,0.0,400.0,600.0,750.0,705.0,87.76
2026-01-17,14.447918,0.3,400.0,600.0,750.0,705.0,87.76
2026-01-18,16.304167,0.1,400.0,600.0,750.0,705.0,87.76
2026-01-19,15.889584,0.0,400.0,600.0,750.0,705.0,87.76
2026-01-20,15.756249,0.0,400.0,600.0,750.0,705.0,87.76
2026-01-21,15.849999,0.0,400.0,600.0,750.0,705.0,87.76
2026-01-22,16.922918,9.2,400.0,600.0,750.0,705.0,87.76
2026-01-23,16.854164,0.70000005,400.0,600.0,750.0,705.0,87.76
2026-01-24,14.408334,0.0,400.0,600.0,750.0,705.0,87.76
2026-01-25,14.089584,0.0,400.0,600.0,750.0,705.0,87.76
2026-01-26,17.116667,15.2,400.0,600.0,750.0,705.0,87.76
2026-01-27,16.460417,14.799999,220.0,500.0,650.0,600.0,87.76
2026-01-28,14.272916,0.0,210.0,600.0,700.0,625.0,87.76
2026-01-29,13.5625,0.0,400.0,500.0,650.0,610.0,87.76
2026-01-30,13.056251,0.0,450.0,600.0,700.0,630.0,87.76
2026-01-31,15.727082,0.0,440.0,500.0,660.0,610.0,87.76
2026-02-01,17.483332,0.0,440.0,500.0,660.0,610.0,87.76
2026-02-02,16.508335,2.0,450.0,500.0,700.0,610.0,87.76
2026-02-03,15.306249,0.0,250.0,500.0,650.0,600.0,87.76
2026-02-04,14.337501,0.0,260.0,500.0,650.0,600.0,87.76
2026-02-05,15.604167,0.0,260.0,500.0,650.0,600.0,87.76
2026-02-06,16.5,0.0,260.0,500.0,650.0,600.0,87.76
2026-02-07,16.845835,0.0,260.0,500.0,650.0,600.0,87.76
2026-02-08,16.595835,0.0,260.0,500.0,650.0,600.0,87.76
2026-02-09,17.131248,0.0,260.0,500.0,650.0,600.0,87.76
2026-02-10,18.274998,0.0,260.0,500.0,650.0,600.0,87.76
2026-02-11,18.295835,0.0,260.0,500.0,650.0,600.0,87.76
2026-02-12,17.618752,0.0,260.0,500.0,650.0,600.0,87.76
2026-02-13,17.689585,0.0,260.0,500.0,650.0,600.0,87.76
2026-02-14,18.74792,0.0,260.0,500.0,650.0,600.0,87.76
2026-02-15,19.627085,0.0,260.0,500.0,650.0,600.0,87.76
2026-02-16,19.195833,0.0,260.0,500.0,650.0,600.0,87.76
2026-02-17,18.825,0.6,260.0,500.0,650.0,600.0,87.76
2026-02-18,19.83125,0.4,260.0,500.0,650.0,600.0,87.76
2026-02-19,20.133331,0.0,260.0,500.0,650.0,600.0,87.76
2026-02-20,19.829165,0.0,260.0,500.0,650.0,600.0,87.76
2026-02-21,20.45,0.0,260.0,500.0,650.0,600.0,87.76
2026-02-22,20.658335,0.0,36.0,500.0,500.0,500.0,87.76
2026-02-23,20.97083,0.0,53.0,500.0,500.0,500.0,87.76
2026-02-24,20.566668,0.0,53.0,500.0,500.0,500.0,87.76
2026-02-25,21.13125,0.0,30.0,500.0,500.0,500.0,87.76
2026-02-26,21.735415,0.0,30.0,500.0,500.0,500.0,87.76
2026-02-27,22.22083,0.0,40.0,500.0,500.0,500.0,87.76
2026-02-28,21.8125,0.0,37.0,500.0,500.0,500.0,87.76
2026-03-01,22.289583,0.0,37.0,500.0,500.0,500.0,87.76
2026-03-02,22.199999,0.0,37.0,500.0,500.0,500.0,87.76
2026-03-03,22.3375,0.0,37.0,500.0,500.0,500.0,87.76
2026-03-04,23.545832,0.0,37.0,500.0,500.0,500.0,87.76
2026-03-05,24.629166,0.0,37.0,500.0,500.0,500.0,87.76
2026-03-06,24.574999,0.0,37.0,500.0,500.0,500.0,87.76
2026-03-07,25.314585,0.0,42.0,500.0,500.0,500.0,87.76
2026-03-08,26.300001,0.0,42.0,500.0,500.0,500.0,87.76
2026-03-09,25.462496,0.0,49.0,500.0,500.0,500.0,87.76
2026-03-10,26.033335,0.0,12.0,500.0,500.0,500.0,87.76
2026-03-11,25.743752,0.0,30.0,500.0,500.0,500.0,87.76
2026-03-12,26.079165,0.0,30.0,500.0,500.0,500.0,87.76
2026-03-13,25.885414,0.0,30.0,500.0,500.0,500.0,87.76
2026-03-14,24.64583,0.5,30.0,500.0,500.0,500.0,87.76
2026-03-15,24.095833,0.0,30.0,500.0,500.0,500.0,87.76
2026-03-16,25.424997,0.0,20.0,500.0,500.0,500.0,87.76
2026-03-17,25.233332,0.0,30.0,500.0,500.0,500.0,87.76
2026-03-18,25.918753,0.0,12.0,500.0,500.0,500.0,87.76
2026-03-19,21.008333,2.0,30.0,500.0,500.0,500.0,87.76
2026-03-20,20.708334,0.0,30.0,500.0,500.0,500.0,87.76
2026-03-21,22.76042,0.0,30.0,500.0,500.0,500.0,87.76
2026-03-22,22.285416,0.6,12.0,500.0,500.0,500.0,87.76
2026-03-23,24.235415,0.0,30.0,500.0,500.0,500.0,87.76
2026-03-24,25.314583,0.0,30.0,500.0,500.0,500.0,87.76
2026-03-25,27.262505,0.0,30.0,500.0,500.0,500.0,87.76
2026-03-26,25.05417,7.5,30.0,500.0,500.0,500.0,87.76
2026-03-27,26.21667,0.0,30.0,500.0,500.0,500.0,87.76
2026-03-28,27.681252,0.0,30.0,500.0,500.0,500.0,87.76
2026-03-29,28.79167,0.0,30.0,500.0,500.0,500.0,87.76
2026-03-30,27.77917,0.0,67.1,500.0,500.0,500.0,87.76
2026-03-31,27.439583,0.0,67.1,500.0,500.0,500.0,87.76
2026-04-01,28.42708,0.0,67.1,500.0,500.0,500.0,87.76
2026-04-02,27.483337,0.0,56.0,500.0,500.0,500.0,87.76
2026-04-03,25.15625,3.6000001,28.0,500.0,500.0,500.0,87.76
2026-04-04,22.641665,0.1,20.0,500.0,500.0,500.0,87.76
2026-04-05,24.93125,0.0,80.0,500.0,500.0,500.0,87.76
2026-04-06,24.412498,0.2,28.0,500.0,500.0,500.0,87.76
2026-04-07,21.995832,4.799999,11.0,500.0,500.0,500.0,87.76
2026-04-08,23.220835,0.0,72.0,500.0,500.0,500.0,87.76
2026-04-09,24.216667,0.0,24.0,500.0,500.0,500.0,87.76
2026-04-10,26.668753,0.0,64.5,500.0,500.0,500.0,87.76
2026-04-11,27.841665,0.0,41.0,500.0,500.0,500.0,87.76
2026-04-12,27.491663,0.0,71.0,500.0,500.0,500.0,87.76
2026-04-13,28.862497,0.0,71.0,500.0,500.0,500.0,87.76
2026-04-14,30.202085,0.0,42.0,500.0,500.0,500.0,87.76
2026-04-15,31.006248,0.0,41.0,500.0,500.0,500.0,87.76
2026-04-16,31.48958,0.0,41.0,500.0,500.0,500.0,87.76
2026-04-17,31.418747,0.0,16.0,500.0,500.0,500.0,87.76
2026-04-18,32.145832,0.0,49.0,500.0,500.0,500.0,87.76
2026-04-19,31.762499,0.0,49.0,500.0,500.0,500.0,87.76
2026-04-20,31.414583,0.0,53.0,500.0,500.0,500.0,87.76
2026-04-21,31.962502,0.0,23.0,500.0,500.0,500.0,87.76
2026-04-22,32.314587,0.0,28.0,500.0,500.0,500.0,87.76
2026-04-23,32.572914,0.0,49.0,500.0,500.0,500.0,87.76
2026-04-24,34.110416,0.0,59.0,500.0,500.0,500.0,87.76
2026-04-25,35.108334,0.0,52.0,500.0,500.0,500.0,87.76
2026-04-26,34.416668,0.0,80.0,500.0,500.0,500.0,87.76
2026-04-27,34.7375,0.0,10.0,500.0,500.0,500.0,87.76
2026-04-28,32.018753,1.2,35.0,500.0,500.0,500.0,87.76
2026-04-29,29.216665,2.9,22.0,500.0,500.0,500.0,87.76
2026-04-30,28.856249,0.0,102.0,500.0,500.0,500.0,87.76
2026-05-01,29.895834,0.0,12.0,500.0,500.0,500.0,87.76
2026-05-02,30.227083,0.0,48.0,500.0,500.0,500.0,87.76
2026-05-03,27.779165,1.3000001,55.0,500.0,500.0,500.0,87.76
2026-05-04,25.695831,21.1,55.0,500.0,500.0,500.0,87.76
2026-05-05,27.433332,0.0,24.0,500.0,500.0,500.0,87.76
2026-05-06,26.752083,0.4,24.0,500.0,500.0,500.0,87.76
2026-05-07,28.137499,0.0,13.0,500.0,500.0,500.0,87.76
2026-05-08,29.14167,0.0,13.0,500.0,500.0,500.0,87.76
2026-05-09,30.187498,0.0,25.0,500.0,500.0,500.0,87.76
2026-05-10,31.104164,0.0,24.0,500.0,500.0,500.0,87.76
2026-05-11,32.20208,0.0,24.0,500.0,500.0,500.0,87.76
2026-05-12,32.8,0.0,12.0,500.0,500.0,500.0,87.76
2026-05-13,32.443752,0.0,11.0,500.0,500.0,500.0,87.76
2026-05-14,32.041668,2.5,11.0,500.0,500.0,500.0,87.76
2026-05-15,33.056255,0.0,3.0,500.0,500.0,500.0,87.76
2026-05-16,34.29375,0.0,14.5,500.0,500.0,500.0,87.76
2026-05-17,35.010418,0.0,14.5,500.0,500.0,500.0,87.76
2026-05-18,35.291664,0.0,14.5,500.0,500.0,500.0,87.76
2026-05-19,36.06667,0.0,14.0,500.0,500.0,500.0,87.76
2026-05-20,35.824997,0.0,14.0,500.0,500.0,500.0,87.76
2026-05-21,35.685413,0.0,14.0,500.0,500.0,500.0,87.76
2026-05-22,35.633335,0.0,14.0,500.0,500.0,500.0,87.76
2026-05-23,35.7125,0.0,14.0,500.0,500.0,500.0,87.76
2026-05-24,36.2,0.0,14.0,500.0,500.0,500.0,87.76
2026-05-25,35.958332,0.0,30.0,500.0,500.0,500.0,87.76
2026-05-26,35.483334,0.0,30.0,500.0,500.0,500.0,87.76
2026-05-27,34.708332,0.0,30.0,500.0,500.0,500.0,87.76
2026-05-28,31.589584,1.0,30.0,500.0,500.0,500.0,87.76
2026-05-29,29.600004,2.2,30.0,500.0,500.0,500.0,87.76
2026-05-30,29.11875,2.3,30.0,500.0,500.0,500.0,87.76
2026-05-31,29.812502,1.3000001,30.0,500.0,500.0,500.0,87.76
2026-06-01,30.841661,4.4999995,30.0,500.0,500.0,500.0,87.76
2026-06-02,31.96875,0.2,30.0,500.0,500.0,500.0,87.76
2026-06-03,33.164585,0.4,30.0,500.0,500.0,500.0,87.76
2026-06-04,31.702085,1.7,30.0,500.0,500.0,500.0,87.76
2026-06-05,33.235416,0.0,30.0,500.0,500.0,500.0,87.76
2026-06-06,33.8,0.0,30.0,500.0,500.0,500.0,87.76
2026-06-07,34.99167,0.0,15.0,500.0,500.0,500.0,87.76
2026-06-08,34.952084,0.0,30.0,500.0,500.0,500.0,87.76
2026-06-09,35.020832,0.0,30.0,500.0,500.0,500.0,87.76
2026-06-10,33.181248,1.1,30.0,500.0,500.0,500.0,87.76
2026-06-11,31.168753,0.8000001,30.0,500.0,500.0,500.0,87.76
2026-06-12,30.40833,0.8,30.0,500.0,500.0,500.0,87.76
2026-06-13,32.541668,0.0,30.0,500.0,500.0,500.0,87.76
2026-06-14,33.14375,0.0,30.0,500.0,500.0,500.0,87.76
2026-06-15,32.875,0.0,30.0,500.0,500.0,500.0,87.76
2026-06-16,33.229168,0.5,30.0,500.0,500.0,500.0,87.76
2026-06-17,33.952084,0.3,30.0,500.0,500.0,500.0,87.76
2026-06-18,34.4,0.0,3.0,500.0,500.0,500.0,87.76
2026-06-19,34.54375,0.0,40.0,500.0,500.0,500.0,87.76
2026-06-20,34.310413,0.0,40.0,500.0,500.0,500.0,87.76
2026-06-21,33.885418,0.1,30.0,500.0,500.0,500.0,87.76
2026-06-22,33.739582,0.0,30.0,500.0,500.0,500.0,87.76
2026-06-23,33.377083,0.3,30.0,500.0,500.0,500.0,87.76
2026-06-24,34.19583,0.0,30.0,500.0,500.0,500.0,87.76
2026-06-25,34.758335,0.8000001,30.0,500.0,500.0,500.0,87.76
2026-06-26,34.74167,1.8,30.0,500.0,500.0,500.0,87.76
2026-06-27,34.445835,0.1,30.0,500.0,500.0,500.0,87.76
2026-06-28,33.7625,1.3000001,30.0,500.0,500.0,500.0,87.76
2026-06-29,32.687504,4.5,68.1,500.0,550.0,511.01,87.76
2026-06-30,30.75625,0.70000005,68.1,500.0,550.0,511.01,87.76
2026-07-01,31.322916,2.0,68.1,500.0,550.0,511.01,87.76
2026-07-02,31.7125,5.5999994,68.1,500.0,550.0,511.01,87.76
2026-07-03,32.29792,4.7000003,30.0,500.0,500.0,500.0,87.76
2026-07-04,32.072918,6.399999,30.0,500.0,500.0,500.0,87.76
2026-07-05,32.052086,1.2,30.0,500.0,500.0,500.0,87.76
2026-07-06,29.14583,14.000001,30.0,500.0,500.0,500.0,87.76
2026-07-07,28.147917,15.400002,30.0,500.0,500.0,500.0,87.76
2026-07-08,29.325006,6.8999996,30.0,500.0,500.0,500.0,87.76
2026-07-09,29.866663,6.2999997,30.0,500.0,500.0,500.0,87.76
2026-07-10,31.597914,1.2,30.0,500.0,500.0,500.0,87.76
2026-07-11,32.533337,0.0,30.0,500.0,500.0,500.0,87.76
2026-07-12,32.810417,0.1,30.0,500.0,500.0,500.0,87.76
2026-07-13,32.889584,0.1,30.0,500.0,500.0,500.0,87.76
2026-07-14,31.906252,3.1000001,30.0,500.0,500.0,500.0,87.76
2026-07-15,32.508335,0.6,30.0,500.0,500.0,500.0,87.76
2026-07-16,32.49375,1.1,30.0,500.0,500.0,500.0,87.76
2026-07-17,32.1,0.5,30.0,500.0,500.0,500.0,87.76
2026-07-18,30.158333,6.5000005,30.0,500.0,500.0,500.0,87.76
2026-07-19,27.104166,55.6,11.0,500.0,500.0,500.0,87.76
2026-07-20,28.087496,6.2,44.0,500.0,500.0,500.0,87.76
2026-07-21,29.491667,3.0999994,44.0,500.0,500.0,500.0,87.76
2026-07-22,28.585411,9.3,44.0,500.0,500.0,500.0,87.76
2026-07-23,29.660416,1.8000002,44.0,500.0,500.0,500.0,87.76
2026-07-24,30.222918,1.6000001,30.0,500.0,500.0,500.0,87.76
2026-07-25,31.21667,1.2,30.0,500.0,500.0,500.0,87.76
2026-07-26,30.014582,7.3,30.0,500.0,500.0,500.0,87.76
2026-07-27,30.287504,4.0,30.0,500.0,500.0,500.0,87.76
2026-07-28,30.608337,1.0,2.5,500.0,500.0,500.0,87.76
2026-07-29,30.737501,1.5,55.0,500.0,500.0,500.0,87.76
2026-07-30,30.297918,1.7,54.0,500.0,500.0,500.0,87.76
2026-07-31,30.96875,4.799999,32.0,500.0,500.0,500.0,87.76
2026-08-01,31.160418,0.5,12.0,500.0,500.0,500.0,87.76
2026-08-02,29.860418,18.1,62.0,500.0,500.0,500.0,87.76
2026-08-03,27.927084,33.0,62.0,500.0,500.0,500.0,87.76
2026-08-04,27.289581,32.3,62.0,500.0,500.0,500.0,87.76
2026-08-05,26.802084,31.199999,62.0,500.0,500.0,500.0,87.76
2026-08-06,28.322916,9.799999,32.0,500.0,500.0,500.0,87.76
2026-08-07,29.629168,1.6,6.3,500.0,500.0,500.0,87.76
2026-08-08,30.10833,3.1999998,31.0,500.0,500.0,500.0,87.76
2026-08-09,29.981253,2.7999997,31.0,500.0,500.0,500.0,87.76
2026-08-10,29.264582,7.3,12.0,500.0,500.0,500.0,87.76
2026-08-11,30.647917,1.9000001,12.0,500.0,500.0,500.0,87.76
2026-08-12,31.175001,0.70000005,12.0,500.0,500.0,500.0,87.76
2026-08-13,28.993752,25.3,31.0,500.0,500.0,500.0,87.76
2026-08-14,29.725,9.5,12.0,500.0,500.0,500.0,87.76
2026-08-15,,,25.0,500.0,500.0,500.0,87.76
