Date,Temperature_C,Rainfall_mm,Arrivals_Tonnes,Min_Price,Max_Price,Modal_Price,Diesel_Price_Rs
2021-01-01,22.012497,0.6,91.0,1043.3333333333333,2604.0,2083.3333333333335,80.2
2021-01-02,21.610415,0.0,721.0,500.3333333333333,1867.3333333333333,1520.3333333333333,80.26
2021-01-03,21.068752,1.4000001,590.0,500.0,2100.0,1400.0,80.33
2021-01-04,21.212502,1.1000001,112.0,1256.6666666666667,2607.6666666666665,2217.3333333333335,80.39
2021-01-05,21.539581,0.5,3223.0,1066.6666666666667,2377.0,2033.3333333333333,80.45
2021-01-06,21.41667,2.1,1380.0,900.0,2641.0,2550.0,80.52
2021-01-07,22.018751,5.3,1380.0,900.0,2641.0,2550.0,80.58
2021-01-08,22.397917,0.9000001,1380.0,900.0,2641.0,2550.0,80.64
2021-01-09,22.622917,1.0,1380.0,900.0,2641.0,2550.0,80.71
2021-01-10,22.916666,0.0,1380.0,900.0,2641.0,2550.0,80.77
2021-01-11,22.714582,0.0,1388.0,1500.0,3270.0,3000.0,80.83
2021-01-12,21.775,0.0,1388.0,1500.0,3270.0,3000.0,80.9
2021-01-13,21.206251,0.0,696.0,1500.0,2831.0,2600.0,80.96
2021-01-14,21.587502,0.0,2775.0,1133.3333333333333,2917.3333333333335,2400.3333333333335,81.02
2021-01-15,22.104166,0.0,1900.0,1000.0,3061.0,2501.0,81.09
2021-01-16,22.708334,0.0,2046.0,1133.3333333333333,2847.6666666666665,2456.6666666666665,81.15
2021-01-17,23.427084,0.0,1026.0,900.0,3002.0,2620.0,81.21
2021-01-18,23.027082,0.0,2946.0,1290.5,2976.0,2660.0,81.28
2021-01-19,21.760414,0.0,3564.0,1333.3333333333333,3101.3333333333335,2800.3333333333335,81.34
2021-01-20,20.147919,0.0,2743.0,1200.0,3070.0,2575.0,81.4
2021-01-21,21.052082,0.0,3698.0,1333.3333333333333,2981.0,2556.6666666666665,81.47
2021-01-22,21.858335,0.0,3392.0,1233.3333333333333,2817.3333333333335,2450.0,81.53
2021-01-23,21.037497,0.0,2556.0,1067.0,2873.0,2480.0,81.6
2021-01-24,19.964582,0.0,1109.0,1000.0,3068.0,2640.0,81.66
2021-01-25,20.010416,0.0,4347.0,1033.3333333333333,2796.6666666666665,2366.6666666666665,81.72
2021-01-26,19.885418,0.0,1470.0,1000.0,2675.0,2400.0,81.79
2021-01-27,20.235418,0.0,3967.0,1200.0,2814.0,2400.0,81.85
2021-01-28,19.468748,0.0,3412.0,1100.3333333333333,2951.6666666666665,2633.6666666666665,81.91
2021-01-29,19.7,0.0,3471.0,1100.0,2943.6666666666665,2616.6666666666665,81.98
2021-01-30,20.343752,0.0,1524.0,1033.3333333333333,3123.3333333333335,2783.3333333333335,82.04
2021-01-31,21.010416,0.0,490.0,1100.0,3260.0,2700.0,82.1
2021-02-01,20.939583,0.0,2047.0,1551.0,3620.0,3300.0,82.17
2021-02-02,20.952084,0.0,3077.0,1233.3333333333333,3664.3333333333335,3366.6666666666665,82.23
2021-02-03,21.245832,0.0,2720.0,1200.0,3735.0,3383.6666666666665,82.29
2021-02-04,20.56875,0.0,2096.0,950.5,3526.0,3255.5,82.36
2021-02-05,19.277084,0.0,1538.0,1400.3333333333333,3323.3333333333335,2916.6666666666665,82.42
2021-02-06,18.877085,0.0,1148.0,1050.5,3220.5,2825.5,82.48
2021-02-07,19.0875,0.0,464.0,1101.0,3130.0,2851.0,82.55
2021-02-08,19.675001,0.0,1008.0,1300.0,3503.0,3125.0,82.61
2021-02-09,21.072916,0.0,2037.0,1233.6666666666667,3709.0,3423.3333333333335,82.67
2021-02-10,21.3375,0.0,2144.0,1533.6666666666667,3918.0,3567.0,82.74
2021-02-11,22.116669,0.0,544.0,1500.0,4001.0,3550.0,82.8
2021-02-12,22.949999,0.0,1912.0,1433.3333333333333,3896.6666666666665,3466.6666666666665,82.86
2021-02-13,23.679167,0.0,943.0,1400.0,3812.0,3340.0,82.93
2021-02-14,23.164581,0.0,389.0,1200.0,4175.0,3470.0,82.99
2021-02-15,22.535418,0.0,1412.0,1204.0,3821.0,3383.6666666666665,83.05
2021-02-16,22.220833,0.0,1196.0,1600.6666666666667,4003.6666666666665,3575.0,83.12
2021-02-17,22.014582,1.5,1126.0,1600.0,4224.333333333333,3683.6666666666665,83.18
2021-02-18,20.97083,0.1,1220.0,1500.3333333333333,4155.0,3723.6666666666665,83.24
2021-02-19,20.71875,0.0,443.0,2476.0,4238.0,3825.0,83.31
2021-02-20,21.81042,0.0,947.0,1533.6666666666667,4271.0,3767.3333333333335,83.37
2021-02-21,22.627083,0.0,396.0,1500.0,4301.0,3750.0,83.43
2021-02-22,23.616667,0.0,1392.0,1400.0,4293.666666666667,3866.6666666666665,83.5
2021-02-23,24.081251,0.0,1447.0,1486.6666666666667,3877.6666666666665,3530.0,83.56
2021-02-24,24.666666,0.0,1716.0,1397.0,3683.6666666666665,2767.0,83.62
2021-02-25,24.160416,0.0,1674.0,1100.3333333333333,3103.6666666666665,2417.0,83.69
2021-02-26,24.327085,0.0,1813.0,1117.0,2773.6666666666665,2283.6666666666665,83.75
2021-02-27,25.495834,0.0,1141.0,989.0,2524.6666666666665,2108.6666666666665,83.81
2021-02-28,25.991669,0.0,147.0,1052.0,1992.0,1751.0,83.88
2021-03-01,25.0,0.0,1838.0,1166.6666666666667,2697.3333333333335,2350.3333333333335,83.94
2021-03-02,24.88542,0.0,1963.0,1533.3333333333333,2766.3333333333335,2587.0,84.01
2021-03-03,24.716665,0.0,2018.0,1317.6666666666667,2772.6666666666665,2400.0,84.07
2021-03-04,25.624998,0.0,2210.0,1147.0,2394.3333333333335,1866.6666666666667,84.13
2021-03-05,26.085417,0.0,2435.0,760.0,1925.0,1686.6666666666667,84.2
2021-03-06,25.397919,0.0,1609.0,833.6666666666666,1881.0,1700.3333333333333,84.26
2021-03-07,25.09375,0.0,497.0,1000.0,2000.0,1800.0,84.32
2021-03-08,25.564585,0.0,3372.0,1050.0,1694.0,1500.0,84.39
2021-03-09,26.233332,0.0,3696.0,707.3333333333334,1620.6666666666667,1242.0,84.45
2021-03-10,25.725,0.0,4189.0,500.3333333333333,1361.0,1126.6666666666667,84.51
2021-03-11,25.502085,0.0,734.0,800.0,1259.0,1080.5,84.58
2021-03-12,25.666664,0.0,3924.0,767.6666666666666,1489.6666666666667,1307.0,84.64
2021-03-13,26.793753,0.0,937.0,900.0,1630.0,1400.0,84.7
2021-03-14,26.904167,0.0,937.0,900.0,1630.0,1400.0,84.77
2021-03-15,27.170835,0.0,3238.0,941.6666666666666,1460.0,1340.3333333333333,84.83
2021-03-16,27.556246,0.0,1700.0,700.0,1390.0,1250.0,84.89
2021-03-17,27.874998,0.0,1700.0,700.0,1390.0,1250.0,84.96
2021-03-18,26.645834,0.0,1700.0,700.0,1390.0,1250.0,85.02
2021-03-19,26.083334,0.0,1700.0,700.0,1390.0,1250.0,85.08
2021-03-20,26.13125,0.0,1185.0,600.0,1152.0,950.0,85.15
2021-03-21,25.977081,0.0,1185.0,600.0,1152.0,950.0,85.21
2021-03-22,26.370832,0.0,4840.0,487.0,1080.6666666666667,927.0,85.27
2021-03-23,27.158333,0.0,4035.0,533.3333333333334,1101.3333333333333,900.3333333333334,85.34
2021-03-24,27.177084,0.0,5350.0,533.6666666666666,1061.3333333333333,912.0,85.4
2021-03-25,27.25,0.0,3651.0,650.0,1150.5,926.0,85.46
2021-03-26,28.516665,0.0,3956.0,400.0,990.0,875.5,85.53
2021-03-27,28.98958,0.0,2152.0,600.0,1151.0,950.0,85.59
2021-03-28,28.64583,0.0,2152.0,600.0,1151.0,950.0,85.65
2021-03-29,27.60417,0.0,2152.0,600.0,1151.0,950.0,85.72
2021-03-30,27.19792,0.0,2152.0,600.0,1151.0,950.0,85.78
2021-03-31,27.125,0.0,2152.0,600.0,1151.0,950.0,85.84
2021-04-01,26.464584,0.0,5054.0,616.6666666666666,1135.6666666666667,916.6666666666666,85.91
2021-04-02,27.36875,0.0,2245.0,600.0,1180.0,950.0,85.97
2021-04-03,27.612497,0.0,4520.0,575.0,1051.5,875.5,86.03
2021-04-04,28.475,0.0,2245.0,600.0,1103.0,901.0,86.1
2021-04-05,29.697916,0.0,7279.0,466.6666666666667,992.6666666666666,808.3333333333334,86.16
2021-04-06,29.558334,0.0,6401.0,366.6666666666667,954.0,784.3333333333334,86.22
2021-04-07,28.906252,0.0,6171.0,450.0,976.0,762.5,86.29
2021-04-08,28.789583,0.0,5951.0,434.0,866.0,728.6666666666666,86.35
2021-04-09,29.506254,0.0,5706.0,400.0,897.6666666666666,766.6666666666666,86.41
2021-04-10,29.710419,0.0,4784.0,433.3333333333333,912.6666666666666,766.6666666666666,86.48
2021-04-11,29.689583,0.0,95.0,300.0,811.0,725.0,86.54
2021-04-12,29.445831,0.0,2740.0,450.0,985.5,825.0,86.61
2021-04-13,27.799997,0.1,1643.0,575.0,1028.5,850.0,86.67
2021-04-14,27.708334,0.0,1321.0,600.0,1026.0,800.0,86.73
2021-04-15,28.435415,0.0,4049.0,503.6666666666667,1164.0,956.6666666666666,86.8
2021-04-16,28.391665,0.0,3885.0,507.3333333333333,985.3333333333334,821.6666666666666,86.86
2021-04-17,29.49375,0.0,2659.0,583.6666666666666,1055.0,886.6666666666666,86.92
2021-04-18,29.152082,0.0,952.0,700.0,1052.0,800.0,86.99
2021-04-19,28.222921,0.0,673.0,500.0,904.0,800.0,87.05
2021-04-20,27.381248,0.0,472.0,500.0,1028.0,950.0,87.11
2021-04-21,28.210413,0.0,472.0,500.0,1028.0,950.0,87.18
2021-04-22,28.495834,0.0,472.0,500.0,1028.0,950.0,87.24
2021-04-23,28.195833,0.0,472.0,500.0,1028.0,950.0,87.3
2021-04-24,30.164581,0.0,472.0,500.0,1028.0,950.0,87.37
2021-04-25,30.570833,0.0,472.0,500.0,1028.0,950.0,87.43
2021-04-26,29.397919,0.0,1737.0,655.0,1180.0,1090.0,87.49
2021-04-27,29.383331,0.0,1556.0,700.0,1281.0,1180.0,87.56
2021-04-28,29.168749,1.0,1556.0,700.0,1281.0,1180.0,87.62
2021-04-29,29.052084,0.7,1556.0,700.0,1281.0,1180.0,87.68
2021-04-30,28.745832,0.70000005,1556.0,700.0,1281.0,1180.0,87.75
2021-05-01,28.664581,0.0,1556.0,700.0,1281.0,1180.0,87.81
2021-05-02,28.883331,0.0,1556.0,700.0,1281.0,1180.0,87.81
2021-05-03,29.441664,0.0,4094.0,637.0,1356.0,1133.6666666666667,87.81
2021-05-04,29.820831,0.0,5999.0,550.3333333333334,1180.3333333333333,966.6666666666666,87.81
2021-05-05,29.924995,0.0,5916.0,466.6666666666667,1243.3333333333333,983.6666666666666,87.81
2021-05-06,30.258337,0.0,4022.0,567.0,1258.6666666666667,983.6666666666666,87.81
2021-05-07,30.629166,0.0,3598.0,358.6666666666667,1131.0,805.0,87.81
2021-05-08,29.99375,0.0,2344.0,440.0,1081.0,818.3333333333334,87.81
2021-05-09,29.483332,0.0,124.0,551.0,1300.0,1000.0,87.81
2021-05-10,28.40833,0.0,4110.0,567.0,1331.6666666666667,1050.6666666666667,87.81
2021-05-11,27.983337,0.0,3050.0,475.0,930.5,770.0,87.81
2021-05-12,27.65833,0.0,2939.0,550.5,1502.5,1250.5,87.81
2021-05-13,29.362501,0.0,2175.0,501.0,1600.0,1351.0,87.81
2021-05-14,31.706251,0.1,2175.0,501.0,1600.0,1351.0,87.81
2021-05-15,28.808334,4.6,2175.0,501.0,1600.0,1351.0,87.81
2021-05-16,24.964582,17.599998,2175.0,501.0,1600.0,1351.0,87.81
2021-05-17,24.854166,10.9,2175.0,501.0,1600.0,1351.0,87.81
2021-05-18,24.720833,14.499999,2175.0,501.0,1600.0,1351.0,87.81
2021-05-19,25.983332,0.2,2175.0,501.0,1600.0,1351.0,87.81
2021-05-20,26.597916,0.0,2175.0,501.0,1600.0,1351.0,87.81
2021-05-21,26.202082,0.1,2175.0,501.0,1600.0,1351.0,87.81
2021-05-22,26.449999,0.1,2175.0,501.0,1600.0,1351.0,87.81
2021-05-23,26.877089,0.0,2175.0,501.0,1600.0,1351.0,87.81
2021-05-24,27.129166,0.0,2129.0,567.0,1728.6666666666667,1383.6666666666667,87.81
2021-05-25,26.918747,0.0,3722.0,608.3333333333334,1691.0,1420.0,87.81
2021-05-26,26.622917,0.4,4538.0,600.0,1760.5,1450.0,87.81
2021-05-27,27.108332,0.90000004,4089.0,650.5,1796.0,1450.5,87.81
2021-05-28,27.793747,0.5,5250.0,620.5,2020.0,1550.5,87.81
2021-05-29,26.960417,5.7999997,2893.0,750.0,1931.0,1600.5,87.81
2021-05-30,27.402084,0.8,1324.0,800.0,2021.0,1651.0,87.81
2021-05-31,27.118752,2.6,4744.0,733.3333333333334,1976.0,1700.0,87.81
2021-06-01,27.152082,7.3,5121.0,666.6666666666666,2017.3333333333333,1700.0,92.69
2021-06-02,27.572916,1.1,5677.0,766.6666666666666,2055.6666666666665,1800.0,92.69
2021-06-03,26.802084,1.1,5009.0,800.0,2090.3333333333335,1807.0,92.69
2021-06-04,25.414587,2.3000002,5404.0,817.0,2071.0,1817.6666666666667,92.69
2021-06-05,25.739584,2.3,3019.0,717.0,2100.6666666666665,1847.0,92.69
2021-06-06,25.152084,2.9999998,357.0,751.0,1921.0,1750.0,92.69
2021-06-07,25.424997,3.4999998,539.0,700.0,1818.0,1700.0,92.69
2021-06-08,24.94375,2.7999997,5374.0,897.6666666666666,2027.3333333333333,1783.6666666666667,92.69
2021-06-09,23.977081,17.400003,4340.0,550.0,2221.5,1900.5,92.69
2021-06-10,24.956251,2.5,3185.0,626.0,2225.5,1800.5,92.69
2021-06-11,25.9,2.1,5169.0,766.6666666666666,2124.3333333333335,1766.6666666666667,92.69
2021-06-12,26.145836,1.9000002,3926.0,650.3333333333334,2099.3333333333335,1783.6666666666667,92.69
2021-06-13,26.210417,1.2,1342.0,500.0,2126.0,1800.0,92.69
2021-06-14,24.985418,1.8000001,2431.0,662.5,2030.5,1725.0,92.69
2021-06-15,24.664583,2.7999997,2017.0,630.0,1989.0,1725.0,92.69
2021-06-16,23.458334,1.4000001,1885.0,650.0,2013.5,1750.5,92.69
2021-06-17,23.547915,3.6,1942.0,775.5,2225.5,1938.0,92.69
2021-06-18,23.387503,2.1,2079.0,925.5,2207.5,1925.5,92.69
2021-06-19,23.7125,5.2,3960.0,633.3333333333334,2158.3333333333335,1850.3333333333333,92.69
2021-06-20,24.481249,1.5,2122.0,700.0,2200.0,1851.0,92.69
2021-06-21,24.639582,3.1000004,5045.0,758.3333333333334,2188.3333333333335,1901.6666666666667,92.69
2021-06-22,24.922915,2.4999998,3616.0,766.6666666666666,2203.3333333333335,1933.3333333333333,92.69
2021-06-23,23.227083,9.8,3295.0,750.0,2133.0,1807.5,92.69
2021-06-24,23.799997,9.500001,4355.0,766.6666666666666,2099.0,1777.0,92.69
2021-06-25,24.164583,0.70000005,3384.0,633.3333333333334,2151.0,1773.6666666666667,92.69
2021-06-26,23.820837,3.5,1288.0,650.5,1988.0,1750.5,92.69
2021-06-27,23.575003,7.4999995,238.0,801.0,1876.0,1751.0,92.69
2021-06-28,25.012499,6.7000003,2989.0,600.0,2027.6666666666667,1742.3333333333333,92.69
2021-06-29,25.245836,0.8,2967.0,575.0,2087.6666666666665,1740.0,92.69
2021-06-30,25.245834,0.1,3082.0,633.3333333333334,2013.0,1700.0,92.69
2021-07-01,25.141668,0.1,2059.0,550.0,2125.5,1700.0,96.72
2021-07-02,25.331245,1.2,2783.0,670.3333333333334,1987.0,1701.6666666666667,96.72
2021-07-03,25.647917,1.8000001,2245.0,650.3333333333334,1993.3333333333333,1718.3333333333333,96.72
2021-07-04,26.07292,0.3,1047.0,500.0,2100.0,1700.0,96.72
2021-07-05,26.370829,0.70000005,3961.0,700.0,1971.6666666666667,1748.3333333333333,96.72
2021-07-06,26.064585,6.5,2380.0,780.5,1885.5,1730.0,96.72
2021-07-07,25.508337,1.1,4118.0,600.6666666666666,1931.3333333333333,1660.3333333333333,96.72
2021-07-08,25.25625,2.6000001,3646.0,600.0,1890.3333333333333,1656.6666666666667,96.72
2021-07-09,24.789587,7.2999997,2490.0,600.0,1915.5,1695.0,96.72
2021-07-10,25.141665,7.8999996,2371.0,633.6666666666666,1885.3333333333333,1648.3333333333333,96.72
2021-07-11,24.72917,7.8999996,936.0,500.0,1911.0,1650.0,96.72
2021-07-12,24.339584,9.900002,3731.0,666.6666666666666,1838.6666666666667,1636.6666666666667,96.72
2021-07-13,24.029167,6.4,3158.0,600.0,1884.3333333333333,1583.6666666666667,96.72
2021-07-14,24.120834,18.600002,3363.0,583.3333333333334,1773.6666666666667,1510.0,96.72
2021-07-15,24.404165,6.3999996,3247.0,927.0,1765.3333333333333,1573.3333333333333,96.72
2021-07-16,24.981253,3.7,3314.0,633.3333333333334,1754.0,1543.3333333333333,96.72
2021-07-17,23.847918,50.9,2919.0,666.6666666666666,1747.3333333333333,1541.6666666666667,96.72
2021-07-18,23.989584,21.2,1433.0,600.0,1811.0,1525.0,96.72
2021-07-19,23.954168,8.499999,3513.0,525.5,1785.5,1540.5,96.72
2021-07-20,23.866669,12.5,2899.0,600.3333333333334,1734.0,1561.6666666666667,96.72
2021-07-21,23.747917,5.4,1982.0,633.3333333333334,1720.3333333333333,1547.0,96.72
2021-07-22,22.991667,12.000001,3035.0,633.3333333333334,1749.3333333333333,1625.3333333333333,96.72
2021-07-23,23.522919,2.9999998,3242.0,766.6666666666666,1778.3333333333333,1683.3333333333333,96.72
2021-07-24,23.625002,4.3999996,3045.0,833.3333333333334,1875.3333333333333,1750.3333333333333,96.72
2021-07-25,23.622915,8.500001,409.0,900.0,1821.0,1750.0,96.72
2021-07-26,23.28125,7.6,3824.0,766.6666666666666,1967.0,1774.0,96.72
2021-07-27,23.347921,9.500001,3779.0,733.3333333333334,1973.6666666666667,1783.3333333333333,96.72
2021-07-28,23.162504,11.5,3580.0,757.0,2003.3333333333333,1743.6666666666667,96.72
2021-07-29,23.445831,5.7999988,3265.0,766.6666666666666,1947.0,1733.6666666666667,96.72
2021-07-30,23.852083,3.3,3271.0,733.3333333333334,1900.3333333333333,1690.3333333333333,96.72
2021-07-31,23.61875,1.1,2758.0,666.6666666666666,1923.6666666666667,1625.3333333333333,96.72
2021-08-01,23.585417,1.4000001,442.0,800.0,2000.0,1651.0,97.45
2021-08-02,23.631248,3.3000002,3429.0,633.6666666666666,1882.0,1617.0,97.45
2021-08-03,23.66667,3.0999997,2867.0,666.6666666666666,1927.0,1635.3333333333333,97.45
2021-08-04,24.360415,1.3000001,2434.0,600.0,1876.0,1642.5,97.45
2021-08-05,24.179167,1.3000001,2143.0,733.6666666666666,1800.6666666666667,1630.0,97.45
2021-08-06,24.189585,1.3000001,2761.0,600.0,1862.0,1637.5,97.45
2021-08-07,24.431252,2.4,2430.0,733.3333333333334,1796.0,1630.0,97.45
2021-08-08,24.362501,1.1000001,1109.0,700.0,1876.0,1670.0,97.45
2021-08-09,23.743752,1.3000001,2985.0,700.0,1797.6666666666667,1640.3333333333333,97.45
2021-08-10,23.831247,1.5000001,1963.0,700.0,1792.5,1665.5,97.45
2021-08-11,23.90625,1.2,2554.0,733.3333333333334,1801.6666666666667,1670.0,97.45
2021-08-12,23.783333,1.8000002,2657.0,733.3333333333334,1840.3333333333333,1706.6666666666667,97.45
2021-08-13,23.318748,3.7999997,1985.0,650.5,1891.0,1750.5,97.45
2021-08-14,23.297918,4.7000003,1809.0,675.5,1930.5,1745.0,97.45
2021-08-15,23.85,3.1000001,985.0,651.0,1861.0,1740.0,97.45
2021-08-16,22.493752,10.5,2701.0,693.6666666666666,1967.6666666666667,1758.3333333333333,97.45
2021-08-17,22.1875,47.699997,2655.0,691.6666666666666,1900.3333333333333,1750.3333333333333,97.45
2021-08-18,22.114584,33.0,1378.0,662.5,1863.5,1712.5,97.45
2021-08-19,21.874998,30.099998,1606.0,717.0,1866.3333333333333,1713.3333333333333,97.45
2021-08-20,22.614586,7.1,2441.0,766.6666666666666,1830.0,1697.0,97.45
2021-08-21,23.268751,4.9999995,2549.0,657.0,1794.3333333333333,1637.0,97.45
2021-08-22,23.829165,1.4000001,1035.0,600.0,1800.0,1625.0,97.45
2021-08-23,24.120834,1.4,2002.0,675.5,1798.5,1622.5,97.45
2021-08-24,23.775,1.9000001,2578.0,675.5,1820.5,1670.0,97.45
2021-08-25,23.50208,1.6,2789.0,700.0,1752.5,1550.5,97.45
2021-08-26,23.789581,1.4000001,4052.0,533.3333333333334,1663.6666666666667,1460.3333333333333,97.45
2021-08-27,23.949999,0.2,3404.0,583.6666666666666,1687.0,1487.3333333333333,97.45
2021-08-28,23.933334,0.6,2926.0,566.6666666666666,1663.6666666666667,1500.3333333333333,97.45
2021-08-29,23.020834,5.999999,1109.0,600.0,1770.0,1500.0,97.45
2021-08-30,22.5625,39.899998,3335.0,523.6666666666666,1643.3333333333333,1487.0,97.45
2021-08-31,23.445831,1.4000001,1904.0,600.0,1657.3333333333333,1503.3333333333333,97.45
2021-09-01,23.61875,1.1,1645.0,1180.0,1598.5,1535.0,96.33
2021-09-02,23.856249,1.5000001,2911.0,566.6666666666666,1645.3333333333333,1503.3333333333333,96.33
2021-09-03,23.712502,8.2,3475.0,633.3333333333334,1634.0,1497.0,96.33
2021-09-04,23.252083,5.1,1586.0,575.5,1572.0,1436.0,96.33
2021-09-05,23.847916,9.1,471.0,651.0,1526.0,1421.0,96.33
2021-09-06,23.585417,14.900001,471.0,651.0,1526.0,1421.0,96.33
2021-09-07,23.199997,25.800003,2407.0,487.6666666666667,1635.6666666666667,1481.6666666666667,96.33
2021-09-08,23.7125,6.499999,2652.0,484.6666666666667,1657.0,1510.3333333333333,96.33
2021-09-09,23.760416,4.4,4015.0,483.3333333333333,1627.6666666666667,1468.6666666666667,96.33
2021-09-10,23.762497,6.0999994,1337.0,562.5,1650.5,1475.0,96.33
2021-09-11,23.445833,7.5000005,1126.0,500.0,1661.0,1451.0,96.33
2021-09-12,22.875,79.89999,1126.0,500.0,1661.0,1451.0,96.33
2021-09-13,23.737501,9.4000025,3719.0,600.0,1668.6666666666667,1400.0,96.33
2021-09-14,23.470833,1.6000001,3314.0,600.3333333333334,1635.3333333333333,1403.3333333333333,96.33
2021-09-15,23.170835,0.1,2729.0,600.0,1698.5,1415.0,96.33
2021-09-16,23.097916,1.6,2808.0,608.3333333333334,1656.6666666666667,1441.6666666666667,96.33
2021-09-17,23.329168,0.70000005,3295.0,690.3333333333334,1659.3333333333333,1445.0,96.33
2021-09-18,23.637499,2.5,2651.0,583.6666666666666,1662.0,1512.0,96.33
2021-09-19,23.718748,3.9,1266.0,651.0,1699.0,1525.0,96.33
2021-09-20,23.366669,7.5999994,1292.0,933.6666666666666,1918.3333333333333,1780.3333333333333,96.33
2021-09-21,22.69792,10.500001,3296.0,717.0,1930.0,1777.0,96.33
2021-09-22,23.36458,10.500001,2979.0,833.3333333333334,2099.0,1934.0,96.33
2021-09-23,23.864584,1.3000001,2939.0,866.6666666666666,2305.0,2075.3333333333335,96.33
2021-09-24,23.720833,0.1,1901.0,900.0,2334.0,2075.5,96.33
2021-09-25,23.310415,3.8999999,2753.0,733.3333333333334,2164.3333333333335,1866.6666666666667,96.33
2021-09-26,23.147919,17.400002,1268.0,700.0,2150.0,1850.0,96.33
2021-09-27,22.55625,75.1,2169.0,703.6666666666666,2145.6666666666665,1873.3333333333333,96.33
2021-09-28,22.975,19.999998,1641.0,750.0,2261.3333333333335,2000.3333333333333,96.33
2021-09-29,23.466667,4.0,1766.0,983.6666666666666,2500.6666666666665,2203.3333333333335,96.33
2021-09-30,24.197916,2.5,2432.0,883.3333333333334,2754.3333333333335,2420.3333333333335,96.33
2021-10-01,23.685417,1.4000001,2800.0,1000.3333333333334,2724.0,2443.6666666666665,97.84
2021-10-02,24.25208,1.0,1257.0,1100.0,3037.3333333333335,2906.6666666666665,97.84
2021-10-03,24.92292,0.3,210.0,1100.0,3000.0,2850.0,97.84
2021-10-04,25.079165,1.5000001,3427.0,1133.3333333333333,3178.3333333333335,2967.0,97.84
2021-10-05,24.741669,6.3,3307.0,1150.0,3578.0,3050.0,97.84
2021-10-06,25.550003,0.70000005,2143.0,950.0,3354.0,2975.0,97.84
2021-10-07,24.481249,5.8,2028.0,1033.3333333333333,3531.3333333333335,3241.6666666666665,97.84
2021-10-08,23.72708,17.4,2188.0,1233.3333333333333,3282.3333333333335,2827.0,97.84
2021-10-09,24.354166,0.90000004,1772.0,1308.3333333333333,3555.3333333333335,3250.3333333333335,97.84
2021-10-10,24.49375,1.1,652.0,1300.0,4015.0,3600.0,97.84
2021-10-11,24.24792,0.5,652.0,1300.0,4015.0,3600.0,97.84
2021-10-12,24.302086,0.2,2940.0,1366.6666666666667,3634.0,3204.0,97.84
2021-10-13,24.566668,0.0,2761.0,1233.3333333333333,4001.3333333333335,3533.3333333333335,97.84
2021-10-14,23.7125,0.0,2364.0,1117.0,3757.6666666666665,3333.6666666666665,97.84
2021-10-15,23.76667,0.0,1141.0,900.5,3450.5,2665.5,97.84
2021-10-16,24.549997,0.0,842.0,1075.0,3646.0,3350.0,97.84
2021-10-17,24.02917,0.0,685.0,1100.0,3640.0,3350.0,97.84
2021-10-18,23.275,0.0,2309.0,766.6666666666666,3000.3333333333335,2584.0,97.84
2021-10-19,22.364584,0.0,1571.0,950.0,3470.5,2950.0,97.84
2021-10-20,23.112501,0.0,2193.0,933.3333333333334,3251.6666666666665,2733.3333333333335,97.84
2021-10-21,22.339582,0.0,1838.0,833.3333333333334,3052.6666666666665,2516.6666666666665,97.84
2021-10-22,22.302084,0.0,1573.0,866.6666666666666,3107.0,2700.6666666666665,97.84
2021-10-23,22.062498,0.0,1329.0,966.6666666666666,3223.6666666666665,2900.3333333333335,97.84
2021-10-24,22.308332,0.0,736.0,700.0,3312.0,3001.0,97.84
2021-10-25,22.412498,0.0,1711.0,1000.0,3235.0,2966.6666666666665,97.84
2021-10-26,22.527082,0.0,1888.0,983.6666666666666,3164.0,2750.0,97.84
2021-10-27,22.643751,0.0,1864.0,750.0,2939.5,2487.5,97.84
2021-10-28,21.50625,0.0,1360.0,858.3333333333334,2890.0,2566.6666666666665,97.84
2021-10-29,20.893751,0.0,595.0,950.0,2970.0,2550.0,97.84
2021-10-30,21.791666,0.0,593.0,1000.0,2800.0,2400.0,97.84
2021-10-31,22.456253,0.0,593.0,1000.0,2800.0,2400.0,97.84
2021-11-01,23.016668,0.0,593.0,1000.0,2800.0,2400.0,106.62
2021-11-02,22.464584,0.0,593.0,1000.0,2800.0,2400.0,106.62
2021-11-03,22.841667,0.0,593.0,1000.0,2800.0,2400.0,106.62
2021-11-04,23.775,0.3,593.0,1000.0,2800.0,2400.0,106.62
2021-11-05,23.914583,0.2,593.0,1000.0,2800.0,2400.0,106.62
2021-11-06,23.564583,0.0,593.0,1000.0,2800.0,2400.0,106.62
2021-11-07,22.449999,0.0,593.0,1000.0,2800.0,2400.0,106.62
2021-11-08,21.341667,0.0,682.0,1000.0,3151.0,2700.0,106.62
2021-11-09,20.902086,0.0,1638.0,900.0,3281.0,2875.5,106.62
2021-11-10,20.579168,0.0,1914.0,1050.0,3301.5,2840.0,106.62
2021-11-11,21.091665,0.0,2362.0,1033.3333333333333,3147.0,2650.0,106.62
2021-11-12,22.679167,0.0,1905.0,1270.3333333333333,2500.6666666666665,2067.0,106.62
2021-11-13,23.597916,0.0,1433.0,933.6666666666666,2550.6666666666665,2033.3333333333333,106.62
2021-11-14,24.393751,0.0,309.0,1000.0,2502.0,2000.0,106.62
2021-11-15,24.652082,0.0,1816.0,900.0,2603.6666666666665,1966.6666666666667,106.62
2021-11-16,24.28125,12.500001,1603.0,884.0,2508.0,1877.0,106.62
2021-11-17,23.160414,2.0,1666.0,833.0,2384.0,1967.0,106.62
2021-11-18,23.445837,0.4,1305.0,775.0,2280.0,1737.5,106.62
2021-11-19,23.95833,0.70000005,1277.0,725.0,2206.5,1745.0,106.62
2021-11-20,24.037504,1.1,1036.0,833.6666666666666,2280.0,1876.6666666666667,106.62
2021-11-21,23.414583,2.4,227.0,801.0,2265.0,1900.0,106.62
2021-11-22,24.272917,0.6,1605.0,1000.0,2737.3333333333335,2283.3333333333335,106.62
2021-11-23,24.602083,0.0,1609.0,933.3333333333334,2641.3333333333335,2166.6666666666665,106.62
2021-11-24,24.045835,0.0,1555.0,883.3333333333334,2473.3333333333335,1967.0,106.62
2021-11-25,22.981249,0.0,642.0,850.5,2446.0,1975.0,106.62
2021-11-26,21.483335,0.0,1478.0,817.0,2218.6666666666665,1783.3333333333333,106.62
2021-11-27,20.779167,0.0,1329.0,766.6666666666666,2086.0,1766.6666666666667,106.62
2021-11-28,20.327085,0.0,583.0,700.0,2112.0,1800.0,106.62
2021-11-29,21.610415,0.3,1579.0,754.0,2101.6666666666665,1800.3333333333333,106.62
2021-11-30,18.258335,40.999996,2437.0,833.3333333333334,2453.6666666666665,1717.0,106.62
2021-12-01,17.775002,38.399994,1584.0,666.6666666666666,1892.6666666666667,1587.0,94.14
2021-12-02,19.63125,0.3,382.0,1240.6666666666667,2600.0,2233.6666666666665,94.14
2021-12-03,20.91875,0.70000005,1409.0,1093.3333333333333,2852.3333333333335,2383.6666666666665,94.14
2021-12-04,20.543749,0.0,1311.0,750.0,2950.0,2125.0,94.14
2021-12-05,20.3375,0.4,643.0,700.0,3201.0,2100.0,94.14
2021-12-06,20.091667,0.0,3442.0,637.6666666666666,2536.6666666666665,1900.3333333333333,94.14
2021-12-07,20.385416,0.0,2692.0,850.3333333333334,2356.6666666666665,1967.0,94.14
2021-12-08,20.574999,0.0,2086.0,800.0,2553.3333333333335,2233.6666666666665,94.14
2021-12-09,20.412498,0.0,1545.0,866.6666666666666,3087.6666666666665,2503.3333333333335,94.14
2021-12-10,20.068748,0.0,1517.0,883.6666666666666,3133.3333333333335,2725.0,94.14
2021-12-11,20.25,0.0,1421.0,867.3333333333334,2930.3333333333335,2550.0,94.14
2021-12-12,20.191668,0.0,115.0,800.0,2901.0,2700.0,94.14
2021-12-13,20.147917,0.0,2166.0,933.3333333333334,2901.0,2550.0,94.14
2021-12-14,19.704165,0.0,2572.0,833.3333333333334,2933.3333333333335,2517.0,94.14
2021-12-15,20.297916,0.0,3074.0,984.0,2621.0,2057.0,94.14
2021-12-16,19.633333,0.0,3645.0,916.6666666666666,2801.0,1993.3333333333333,94.14
2021-12-17,18.608332,0.0,2817.0,709.0,2360.5,1625.5,94.14
2021-12-18,18.020832,0.0,3466.0,743.6666666666666,2490.6666666666665,1983.6666666666667,94.14
2021-12-19,17.916666,0.0,2392.0,701.0,2201.0,1601.0,94.14
2021-12-20,18.081251,0.0,3592.0,1167.0,2614.3333333333335,2091.6666666666665,94.14
2021-12-21,18.637499,0.0,4036.0,725.5,2406.0,1900.5,94.14
2021-12-22,19.456247,0.0,4006.0,700.3333333333334,2330.0,1892.0,94.14
2021-12-23,18.875,0.0,3507.0,933.6666666666666,2362.0,2004.0,94.14
2021-12-24,18.716667,0.0,3710.0,810.3333333333334,2308.0,1958.6666666666667,94.14
2021-12-25,19.38542,0.0,1922.0,833.6666666666666,2212.3333333333335,1917.3333333333333,94.14
2021-12-26,19.379168,0.0,1013.0,1000.0,2333.0,1951.0,94.14
2021-12-27,19.612501,0.0,4884.0,816.6666666666666,2257.3333333333335,1933.3333333333333,94.14
2021-12-28,17.606249,0.0,3951.0,867.3333333333334,2244.3333333333335,1860.0,94.14
2021-12-29,17.893747,0.0,3677.0,833.3333333333334,2290.0,1867.0,94.14
2021-12-30,19.195833,0.0,3470.0,866.6666666666666,2283.6666666666665,1883.6666666666667,94.14
2021-12-31,19.320833,0.0,3684.0,877.0,2364.0,1867.0,94.14
2022-01-01,19.608334,0.2,2509.0,833.3333333333334,2293.3333333333335,1983.6666666666667,94.14
2022-01-02,20.506248,0.0,1323.0,1000.0,2425.0,2050.0,94.14
2022-01-03,20.618752,0.0,4264.0,833.6666666666666,2412.6666666666665,2137.0,94.14
2022-01-04,20.404167,0.0,2406.0,1008.0,2426.5,2200.5,94.14
2022-01-05,20.0,0.0,2564.0,825.5,2457.5,2145.5,94.14
2022-01-06,19.683332,0.0,2600.0,700.0,2492.5,2200.5,94.14
2022-01-07,18.577085,1.8000001,5332.0,833.3333333333334,2469.6666666666665,2193.6666666666665,94.14
2022-01-08,17.7625,1.0,2601.0,800.0,2400.0,2101.0,94.14
2022-01-09,15.481251,0.0,285.0,900.0,2300.0,2151.0,94.14
2022-01-10,17.152084,0.0,5446.0,883.6666666666666,2334.6666666666665,2040.3333333333333,94.14
2022-01-11,16.552084,0.0,5681.0,866.6666666666666,2398.3333333333335,2042.0,94.14
2022-01-12,16.314585,0.1,6276.0,775.0,2250.0,1866.6666666666667,94.14
2022-01-13,17.289583,0.2,287.0,700.0,2125.0,1850.0,94.14
2022-01-14,17.720833,0.0,3646.0,800.0,2319.6666666666665,2016.6666666666667,94.14
2022-01-15,18.314585,0.0,162.0,1000.0,2201.0,1925.0,94.14
2022-01-16,19.135416,0.0,162.0,1000.0,2201.0,1925.0,94.14
2022-01-17,19.745832,0.0,4694.0,900.3333333333334,2319.0,2033.3333333333333,94.14
2022-01-18,19.735418,0.0,1664.0,1050.0,2390.0,2050.0,94.14
2022-01-19,19.981249,0.0,5363.0,871.6666666666666,2451.0,2137.0,94.14
2022-01-20,20.293749,0.0,4762.0,966.6666666666666,2484.0,2207.0,94.14
2022-01-21,19.089582,0.70000005,5317.0,983.3333333333334,2551.0,2267.3333333333335,94.14
2022-01-22,16.366667,0.1,3937.0,866.6666666666666,2485.3333333333335,2220.0,94.14
2022-01-23,13.989582,0.0,1681.0,700.0,2431.0,2260.0,94.14
2022-01-24,14.51875,0.0,4537.0,933.3333333333334,2475.0,2231.6666666666665,94.14
2022-01-25,15.416668,0.0,5610.0,917.3333333333334,2508.0,2253.6666666666665,94.14
2022-01-26,16.3375,0.0,2872.0,700.0,2512.0,2260.0,94.14
2022-01-27,16.78333,0.0,4287.0,916.6666666666666,2400.0,2067.0,94.14
2022-01-28,17.160414,0.0,5516.0,766.6666666666666,2446.6666666666665,2070.3333333333335,94.14
2022-01-29,18.397917,0.0,4321.0,807.0,2390.0,2083.6666666666665,94.14
2022-01-30,19.229168,0.0,325.0,821.0,2291.0,2000.0,94.14
2022-01-31,19.245832,0.0,2347.0,600.0,2490.0,2151.0,94.14
2022-02-01,20.614582,0.0,4037.0,783.6666666666666,2391.3333333333335,2080.0,94.14
2022-02-02,19.529165,0.0,4869.0,666.6666666666666,2463.0,2100.0,94.14
2022-02-03,18.35,0.0,4329.0,724.0,2487.3333333333335,2087.0,94.14
2022-02-04,18.370832,0.0,4499.0,733.3333333333334,2537.3333333333335,2142.0,94.14
2022-02-05,19.766666,0.0,3308.0,750.3333333333334,2461.3333333333335,2156.6666666666665,94.14
2022-02-06,20.5125,0.0,1307.0,551.0,2531.0,2170.0,94.14
2022-02-07,20.006248,0.0,2826.0,910.3333333333334,2500.6666666666665,2192.3333333333335,94.14
2022-02-08,18.966665,0.0,4076.0,866.6666666666666,2608.6666666666665,2250.3333333333335,94.14
2022-02-09,19.989582,0.0,4233.0,842.0,2604.6666666666665,2317.6666666666665,94.14
2022-02-10,19.820831,0.0,3801.0,1100.3333333333333,2985.6666666666665,2538.6666666666665,94.14
2022-02-11,20.399998,0.0,4326.0,1068.3333333333333,2927.6666666666665,2634.0,94.14
2022-02-12,21.539583,0.0,3478.0,1017.0,2861.0,2583.3333333333335,94.14
2022-02-13,21.025,0.0,258.0,1051.0,2791.0,2600.0,94.14
2022-02-14,21.127083,0.0,5844.0,1016.6666666666666,2728.3333333333335,2300.0,94.14
2022-02-15,20.362501,0.0,4290.0,866.6666666666666,2732.6666666666665,2275.3333333333335,94.14
2022-02-16,21.466665,0.0,4165.0,910.3333333333334,2727.3333333333335,2256.6666666666665,94.14
2022-02-17,22.070837,0.0,3294.0,1000.0,2840.6666666666665,2400.3333333333335,94.14
2022-02-18,23.425001,0.0,4409.0,950.3333333333334,2797.3333333333335,2443.3333333333335,94.14
2022-02-19,23.631248,0.0,1555.0,915.5,2690.5,2350.0,94.14
2022-02-20,23.06875,0.0,1378.0,1000.0,2800.0,2300.0,94.14
2022-02-21,23.766665,0.0,3279.0,925.3333333333334,2710.3333333333335,2360.0,94.14
2022-02-22,24.939583,0.0,3976.0,981.6666666666666,2695.0,2357.0,94.14
2022-02-23,24.787497,0.0,4278.0,917.0,2679.6666666666665,2310.0,94.14
2022-02-24,23.71875,0.0,4004.0,867.3333333333334,2579.3333333333335,2208.3333333333335,94.14
2022-02-25,24.5,0.0,4296.0,860.3333333333334,2532.3333333333335,2123.6666666666665,94.14
2022-02-26,24.38125,0.0,4028.0,1100.0,2460.3333333333335,2167.0,94.14
2022-02-27,24.366663,0.0,378.0,900.0,2400.0,2100.0,94.14
2022-02-28,24.443747,0.0,5530.0,700.3333333333334,2133.6666666666665,1805.0,94.14
2022-03-01,25.012499,0.0,2858.0,800.0,2031.0,1717.0,94.14
2022-03-02,25.700003,0.0,3529.0,826.0,2051.0,1625.0,94.14
2022-03-03,25.616663,0.0,4252.0,700.0,1976.3333333333333,1708.3333333333333,94.14
2022-03-04,25.260414,0.0,4997.0,690.0,1961.0,1604.0,94.14
2022-03-05,25.920832,0.0,4634.0,633.3333333333334,1957.6666666666667,1550.3333333333333,94.14
2022-03-06,26.893747,0.0,1556.0,500.0,2100.0,1600.0,94.14
2022-03-07,25.200003,0.1,5724.0,700.0,1679.3333333333333,1303.3333333333333,94.14
2022-03-08,24.447916,0.7,5976.0,650.3333333333334,1641.6666666666667,1347.0,94.14
2022-03-09,25.23958,0.0,3693.0,700.0,1637.6666666666667,1463.3333333333333,94.14
2022-03-10,24.864584,1.2,1789.0,700.0,1674.0,1341.6666666666667,94.14
2022-03-11,25.4,0.0,4174.0,600.0,1480.3333333333333,1213.3333333333333,94.14
2022-03-12,25.664587,0.0,3486.0,600.0,1452.0,1167.3333333333333,94.14
2022-03-13,26.46667,0.0,213.0,700.0,1060.0,901.0,94.14
2022-03-14,27.420832,0.0,4419.0,466.6666666666667,1447.0,1073.3333333333333,94.14
2022-03-15,28.770834,0.0,4834.0,700.0,1373.3333333333333,1103.3333333333333,94.14
2022-03-16,28.887503,0.0,5122.0,600.0,1285.6666666666667,1063.3333333333333,94.14
2022-03-17,29.783335,0.0,3793.0,500.0,1262.0,1083.3333333333333,94.14
2022-03-18,29.28333,0.0,706.0,600.0,1322.0,1200.0,94.14
2022-03-19,27.018751,0.0,2083.0,500.0,1080.0,875.5,94.14
2022-03-20,27.664583,0.0,1576.0,400.0,1060.0,851.0,94.14
2022-03-21,30.054167,0.0,6322.0,433.3333333333333,950.3333333333334,750.6666666666666,94.14
2022-03-22,29.820837,0.0,1696.0,575.5,1128.0,850.0,94.14
2022-03-23,29.689585,0.0,6139.0,433.3333333333333,1089.0,833.6666666666666,94.14
2022-03-24,28.910416,0.0,5853.0,533.3333333333334,1240.0,967.6666666666666,94.14
2022-03-25,30.002083,0.0,1991.0,350.0,907.0,725.0,94.14
2022-03-26,29.622917,0.0,4362.0,566.6666666666666,1152.6666666666667,917.3333333333334,94.14
2022-03-27,30.893751,0.0,1578.0,700.0,1346.0,1001.0,94.14
2022-03-28,29.845835,0.0,3942.0,517.0,1146.6666666666667,943.6666666666666,94.14
2022-03-29,29.729164,0.0,2729.0,512.5,1112.5,900.5,94.14
2022-03-30,28.775002,0.0,355.0,625.0,1213.0,1000.0,94.14
2022-03-31,28.216665,0.0,355.0,625.0,1213.0,1000.0,94.14
2022-04-01,28.691666,0.0,355.0,625.0,1213.0,1000.0,100.94
2022-04-02,29.522917,0.0,1858.0,400.0,903.0,700.0,100.94
2022-04-03,30.685415,0.0,1858.0,400.0,903.0,700.0,100.94
2022-04-04,30.485415,0.0,1643.0,300.0,839.0,651.0,100.94
2022-04-05,30.158333,0.0,1220.0,700.0,1241.0,1000.0,100.94
2022-04-06,30.197914,0.0,1956.0,500.0,1295.0,1051.0,100.94
2022-04-07,30.933332,0.0,2042.0,400.0,1051.5,905.0,100.94
2022-04-08,30.043753,0.0,1950.0,362.5,876.0,695.5,100.94
2022-04-09,29.474998,0.0,1318.0,450.5,1121.0,940.0,100.94
2022-04-10,30.124998,0.0,1107.0,400.0,1201.0,980.0,100.94
2022-04-11,30.63125,0.0,1720.0,300.0,884.0,700.0,100.94
2022-04-12,31.245834,0.0,1475.0,300.0,881.0,720.0,100.94
2022-04-13,30.956251,0.0,1460.0,350.0,858.0,710.0,100.94
2022-04-14,28.695831,0.0,1460.0,350.0,858.0,710.0,100.94
2022-04-15,28.847916,0.0,1255.0,415.5,955.0,835.0,100.94
2022-04-16,28.525002,0.0,644.0,261.0,930.0,785.0,100.94
2022-04-17,29.233335,0.0,644.0,261.0,930.0,785.0,100.94
2022-04-18,30.02083,0.0,1615.0,400.0,787.5,675.0,100.94
2022-04-19,29.525,0.5,1784.0,465.0,1218.0,1035.5,100.94
2022-04-20,31.291666,0.0,1844.0,300.0,791.0,675.5,100.94
2022-04-21,30.833336,0.0,1643.0,538.0,1151.5,1010.5,100.94
2022-04-22,31.995834,0.0,1361.0,326.5,782.5,730.0,100.94
2022-04-23,31.404167,0.0,1384.0,450.5,1131.0,962.5,100.94
2022-04-24,31.512503,0.0,1078.0,500.0,1301.0,1025.0,100.94
2022-04-25,31.391668,0.0,1906.0,400.0,941.0,700.0,100.94
2022-04-26,32.483334,0.0,1744.0,400.0,1360.0,960.0,100.94
2022-04-27,33.020832,0.0,1779.0,500.0,1400.0,950.0,100.94
2022-04-28,31.06875,0.0,1478.0,477.5,1119.0,875.0,100.94
2022-04-29,30.670832,0.0,1986.0,450.0,1148.5,887.5,100.94
2022-04-30,29.622915,0.0,741.0,400.0,1355.0,950.0,100.94
2022-05-01,29.110418,0.0,741.0,400.0,1355.0,950.0,104.77
2022-05-02,29.19375,0.0,4234.0,433.6666666666667,1168.3333333333333,838.3333333333334,104.77
2022-05-03,29.093752,0.0,1523.0,550.0,1263.0,875.5,104.77
2022-05-04,29.51667,0.0,2352.0,500.0,1335.5,875.5,104.77
2022-05-05,29.408339,0.0,2637.0,500.0,1330.0,875.5,104.77
2022-05-06,30.554169,0.0,2941.0,475.5,1335.0,905.5,104.77
2022-05-07,31.331247,0.0,944.0,400.0,1118.0,825.0,104.77
2022-05-08,31.227081,0.0,279.0,400.0,1011.0,800.0,104.77
2022-05-09,30.566664,0.3,5072.0,417.0,1209.3333333333333,865.0,104.77
2022-05-10,30.412504,0.0,3545.0,500.0,1307.0,1025.5,104.77
2022-05-11,28.991667,0.0,3683.0,500.0,1306.0,850.5,104.77
2022-05-12,29.077078,0.0,1140.0,500.0,1201.0,850.0,104.77
2022-05-13,28.833334,0.0,1140.0,500.0,1201.0,850.0,104.77
2022-05-14,29.424997,0.0,2240.0,433.6666666666667,1140.3333333333333,830.3333333333334,104.77
2022-05-15,29.837496,0.0,950.0,500.0,1200.0,851.0,104.77
2022-05-16,29.325003,0.0,2725.0,450.0,1379.0,913.0,104.77
2022-05-17,29.316664,0.0,3616.0,433.6666666666667,1228.6666666666667,810.3333333333334,104.77
2022-05-18,30.281252,0.0,2909.0,450.3333333333333,1225.3333333333333,817.3333333333334,104.77
2022-05-19,28.433336,0.0,3126.0,450.3333333333333,1227.6666666666667,857.6666666666666,104.77
2022-05-20,27.331251,0.0,3019.0,416.6666666666667,1180.3333333333333,810.3333333333334,104.77
2022-05-21,27.175001,0.0,2070.0,435.6666666666667,1142.3333333333333,817.3333333333334,104.77
2022-05-22,27.641668,0.0,124.0,355.0,925.0,750.0,104.77
2022-05-23,27.73958,0.70000005,2812.0,517.3333333333334,1187.3333333333333,808.6666666666666,104.77
2022-05-24,28.099998,0.0,2978.0,433.6666666666667,1195.3333333333333,849.0,104.77
2022-05-25,27.88542,0.0,2447.0,457.0,1216.6666666666667,887.6666666666666,104.77
2022-05-26,27.139582,0.0,2436.0,434.0,1282.3333333333333,925.3333333333334,104.77
2022-05-27,27.195833,0.0,2454.0,417.3333333333333,1307.0,943.6666666666666,104.77
2022-05-28,27.12292,0.0,2213.0,467.6666666666667,1261.6666666666667,951.6666666666666,104.77
2022-05-29,27.433332,0.0,915.0,501.0,1421.0,980.0,104.77
2022-05-30,27.991667,0.1,1450.0,476.0,1306.5,1030.5,104.77
2022-05-31,28.164581,0.3,4241.0,517.0,1370.3333333333333,1084.0,104.77
2022-06-01,27.816666,0.0,2681.0,525.5,1304.5,1061.0,111.35
2022-06-02,28.002083,0.0,3226.0,525.5,1380.5,1112.5,111.35
2022-06-03,28.758337,0.0,4425.0,575.5,1510.0,1140.0,111.35
2022-06-04,28.968748,0.1,1500.0,480.5,1409.5,1125.0,111.35
2022-06-05,28.65625,1.4,1279.0,561.0,1418.0,1130.0,111.35
2022-06-06,28.006248,1.8,4023.0,467.0,1434.3333333333333,1126.6666666666667,111.35
2022-06-07,28.516663,3.6,3706.0,500.3333333333333,1450.3333333333333,1150.3333333333333,111.35
2022-06-08,28.481247,6.1,1863.0,476.0,1490.5,1165.0,111.35
2022-06-09,27.235415,4.2999997,3395.0,467.0,1507.3333333333333,1175.0,111.35
2022-06-10,25.237497,12.7,3705.0,500.3333333333333,1493.6666666666667,1183.3333333333333,111.35
2022-06-11,25.06042,2.1,2909.0,466.6666666666667,1517.6666666666667,1213.6666666666667,111.35
2022-06-12,26.120834,2.5000002,204.0,400.0,1449.0,1251.0,111.35
2022-06-13,26.685417,2.0,4272.0,517.0,1545.6666666666667,1241.6666666666667,111.35
2022-06-14,26.15625,1.2,4620.0,517.0,1527.0,1272.0,111.35
2022-06-15,26.400002,1.1,4546.0,500.3333333333333,1575.3333333333333,1295.0,111.35
2022-06-16,26.379166,2.8,4260.0,533.3333333333334,1632.3333333333333,1311.6666666666667,111.35
2022-06-17,26.69375,1.1,4828.0,567.0,1614.3333333333333,1270.0,111.35
2022-06-18,25.49375,2.5999997,3485.0,550.0,1631.0,1293.3333333333333,111.35
2022-06-19,24.539583,3.3999999,1600.0,600.0,1711.0,1300.0,111.35
2022-06-20,24.227083,3.8999999,4720.0,500.0,1461.3333333333333,1213.3333333333333,111.35
2022-06-21,24.985415,19.7,3728.0,466.6666666666667,1573.3333333333333,1261.6666666666667,111.35
2022-06-22,24.79167,18.800003,3279.0,500.0,1650.3333333333333,1292.0,111.35
2022-06-23,24.264582,14.3,3253.0,551.6666666666666,1624.3333333333333,1301.6666666666667,111.35
2022-06-24,25.01459,9.3,4233.0,517.3333333333334,1600.0,1323.3333333333333,111.35
2022-06-25,24.756248,1.6,3542.0,533.3333333333334,1591.0,1326.6666666666667,111.35
2022-06-26,24.125002,17.3,311.0,500.0,1373.0,1300.0,111.35
2022-06-27,24.102083,4.7,4838.0,533.3333333333334,1603.6666666666667,1307.0,111.35
2022-06-28,24.760416,7.9999995,4859.0,583.6666666666666,1597.3333333333333,1292.0,111.35
2022-06-29,24.435417,3.6999998,4274.0,550.3333333333334,1594.0,1290.3333333333333,111.35
2022-06-30,23.579168,3.4999998,2675.0,505.5,1545.5,1250.5,111.35
2022-07-01,23.341667,3.7999997,1329.0,600.0,1528.5,1261.0,97.28
2022-07-02,24.016668,3.0999997,183.0,500.0,1336.0,1220.0,97.28
2022-07-03,23.375002,3.5,183.0,500.0,1336.0,1220.0,97.28
2022-07-04,23.172915,6.2,4751.0,533.3333333333334,1589.3333333333333,1215.0,97.28
2022-07-05,23.414583,2.2,3758.0,566.6666666666666,1690.0,1255.0,97.28
2022-07-06,23.664587,2.8999999,4104.0,533.6666666666666,1613.3333333333333,1244.0,97.28
2022-07-07,22.764585,11.299999,4150.0,566.6666666666666,1617.0,1253.6666666666667,97.28
2022-07-08,22.560417,16.3,3871.0,550.3333333333334,1633.3333333333333,1231.6666666666667,97.28
2022-07-09,22.535416,23.1,2877.0,566.6666666666666,1657.6666666666667,1226.6666666666667,97.28
2022-07-10,22.18958,38.9,1422.0,600.0,1801.0,1230.0,97.28
2022-07-11,22.060417,42.899994,2171.0,534.0,1584.6666666666667,1252.3333333333333,97.28
2022-07-12,22.387503,58.3,3365.0,576.0,1733.5,1265.0,97.28
2022-07-13,22.681252,46.399998,4423.0,484.0,1571.6666666666667,1227.3333333333333,97.28
2022-07-14,23.125,9.699999,4327.0,500.0,1483.6666666666667,1208.3333333333333,97.28
2022-07-15,23.691668,8.500002,4622.0,508.3333333333333,1411.6666666666667,1176.6666666666667,97.28
2022-07-16,24.23333,2.4,3191.0,551.0,1494.0,1200.0,97.28
2022-07-17,22.664581,15.500001,1517.0,551.0,1436.0,1200.0,97.28
2022-07-18,22.8375,7.1,4467.0,551.0,1501.5,1212.5,97.28
2022-07-19,23.564583,2.9999998,4163.0,466.6666666666667,1376.3333333333333,1140.3333333333333,97.28
2022-07-20,23.762499,2.2999997,4551.0,433.3333333333333,1383.3333333333333,1124.0,97.28
2022-07-21,24.002085,1.3,3782.0,400.3333333333333,1374.6666666666667,1098.3333333333333,97.28
2022-07-22,23.314585,6.5,3630.0,400.3333333333333,1327.6666666666667,1063.6666666666667,97.28
2022-07-23,22.5875,19.200003,2453.0,450.5,1408.0,1100.5,97.28
2022-07-24,22.831247,2.7999997,1173.0,501.0,1401.0,1101.0,97.28
2022-07-25,23.885416,4.1,2549.0,333.3333333333333,1304.3333333333333,990.3333333333334,97.28
2022-07-26,23.5875,7.7000003,3197.0,417.0,1277.3333333333333,1040.3333333333333,97.28
2022-07-27,24.5,2.8999999,3340.0,467.0,1320.6666666666667,1067.0,97.28
2022-07-28,24.812502,2.6000001,2044.0,450.3333333333333,1308.6666666666667,1075.0,97.28
2022-07-29,24.591665,1.4000001,3900.0,466.6666666666667,1347.3333333333333,1134.0,97.28
2022-07-30,24.425003,1.4000001,3281.0,450.0,1431.0,1201.0,97.28
2022-07-31,24.489586,1.2,1298.0,500.0,1451.0,1251.0,97.28
2022-08-01,24.412498,1.5000001,3690.0,450.0,1450.5,1137.5,94.27
2022-08-02,24.735415,6.4000006,3825.0,400.0,1318.6666666666667,1090.0,94.27
2022-08-03,24.727083,18.6,4522.0,500.0,1392.6666666666667,1110.6666666666667,94.27
2022-08-04,23.624998,39.9,4478.0,466.6666666666667,1375.3333333333333,1110.6666666666667,94.27
2022-08-05,23.877083,13.0,4147.0,466.6666666666667,1345.0,1080.3333333333333,94.27
2022-08-06,24.204168,25.2,3633.0,500.0,1347.3333333333333,1073.6666666666667,94.27
2022-08-07,23.88125,12.799999,1656.0,500.0,1380.0,1050.0,94.27
2022-08-08,23.456251,3.3999991,4395.0,466.6666666666667,1379.0,1100.0,94.27
2022-08-09,23.189585,9.1,3925.0,466.6666666666667,1335.0,1100.3333333333333,94.27
2022-08-10,23.289581,8.1,4674.0,475.0,1321.6666666666667,1085.3333333333333,94.27
2022-08-11,22.958334,8.4,208.0,500.0,1200.0,1000.0,94.27
2022-08-12,23.087502,10.300001,2293.0,450.0,1285.5,1070.0,94.27
2022-08-13,23.302084,5.9,2585.0,466.6666666666667,1340.3333333333333,1125.3333333333333,94.27
2022-08-14,22.333336,8.500001,1847.0,500.0,1456.0,1151.0,94.27
2022-08-15,22.341667,16.800003,1847.0,500.0,1456.0,1151.0,94.27
2022-08-16,22.714582,6.2999997,614.0,525.5,1385.0,1135.5,94.27
2022-08-17,23.03125,4.8000007,3194.0,575.0,1394.0,1176.6666666666667,94.27
2022-08-18,23.295837,2.3,4558.0,550.0,1440.6666666666667,1218.6666666666667,94.27
2022-08-19,23.700005,1.7000002,4728.0,527.0,1410.3333333333333,1200.0,94.27
2022-08-20,23.51042,2.1,4642.0,550.0,1437.0,1163.0,94.27
2022-08-21,22.718748,2.8999999,2117.0,600.0,1473.0,1175.0,94.27
2022-08-22,23.09375,2.6999998,4980.0,517.0,1393.3333333333333,1110.0,94.27
2022-08-23,23.002083,3.2000003,1620.0,500.0,1381.0,1138.5,94.27
2022-08-24,23.468752,3.0999997,2614.0,500.0,1369.0,1145.0,94.27
2022-08-25,23.660416,2.8,5476.0,550.0,1398.3333333333333,1143.6666666666667,94.27
2022-08-26,23.466665,1.0,351.0,500.0,1301.0,1100.0,94.27
2022-08-27,23.643751,1.0,1326.0,500.5,1345.0,1125.5,94.27
2022-08-28,24.083334,0.1,395.0,500.0,1300.0,1100.0,94.27
2022-08-29,24.516665,10.6,1500.0,500.0,1341.0,1125.0,94.27
2022-08-30,24.904167,5.3,4537.0,466.6666666666667,1372.0,1123.3333333333333,94.27
2022-08-31,23.981249,14.6,1160.0,500.0,1452.0,1100.0,94.27
2022-09-01,25.037498,1.0,4219.0,483.3333333333333,1393.0,1176.6666666666667,94.27
2022-09-02,25.022917,3.1999998,3734.0,500.0,1379.0,1183.3333333333333,94.27
2022-09-03,24.518747,9.6,3424.0,500.0,1410.6666666666667,1176.6666666666667,94.27
2022-09-04,23.995834,1.9000001,1557.0,500.0,1476.0,1230.0,94.27
2022-09-05,23.897917,1.5000001,1726.0,600.0,1460.0,1290.0,94.27
2022-09-06,24.17083,9.700001,1757.0,500.5,1388.0,1140.0,94.27
2022-09-07,24.016668,15.799999,2908.0,466.6666666666667,1367.0,1133.3333333333333,94.27
2022-09-08,24.525,8.4,3379.0,467.0,1367.0,1120.0,94.27
2022-09-09,24.020834,26.5,142.0,500.0,1150.0,980.0,94.27
2022-09-10,24.275002,16.9,1282.0,600.0,1508.0,1251.0,94.27
2022-09-11,23.802084,13.999999,1282.0,600.0,1508.0,1251.0,94.27
2022-09-12,23.191668,10.900001,1282.0,600.0,1508.0,1251.0,94.27
2022-09-13,23.15417,3.1,900.0,600.0,1512.0,1210.0,94.27
2022-09-14,22.958334,8.3,1918.0,550.0,1305.5,1105.0,94.27
2022-09-15,22.387503,56.6,3027.0,550.0,1526.0,1150.5,94.27
2022-09-16,22.660416,8.0,2624.0,500.0,1437.5,1130.0,94.27
2022-09-17,22.293747,29.099998,2094.0,537.0,1275.0,1065.0,94.27
2022-09-18,22.360415,13.999999,935.0,500.0,1311.0,1100.0,94.27
2022-09-19,22.525,0.90000004,825.0,500.0,1385.0,1150.0,94.27
2022-09-20,23.022919,0.8,1039.0,500.0,1412.0,1151.0,94.27
2022-09-21,22.512499,1.9000001,1228.0,450.5,1340.5,1070.5,94.27
2022-09-22,22.554169,0.90000004,2012.0,466.6666666666667,1389.6666666666667,1083.3333333333333,94.27
2022-09-23,22.958334,2.0,2672.0,483.6666666666667,1359.3333333333333,1091.6666666666667,94.27
2022-09-24,23.081247,0.8000001,2162.0,500.0,1348.6666666666667,1095.3333333333333,94.27
2022-09-25,22.579168,1.5000001,964.0,600.0,1435.0,1160.0,94.27
2022-09-26,23.189583,3.7,525.0,500.0,1471.0,1150.0,94.27
2022-09-27,22.622915,11.400001,983.0,410.5,1370.0,1135.0,94.27
2022-09-28,23.435417,2.2999997,1053.0,1184.0,1924.0,1634.3333333333333,94.27
2022-09-29,23.704168,1.4000001,2075.0,617.0,1651.0,1407.6666666666667,94.27
2022-09-30,23.714584,1.7,1293.0,625.0,1676.5,1481.0,94.27
2022-10-01,23.300001,2.3,518.0,700.0,1680.0,1450.0,94.27
2022-10-02,23.324999,0.1,518.0,700.0,1680.0,1450.0,94.27
2022-10-03,23.929163,0.3,990.0,700.0,1739.0,1425.0,94.27
2022-10-04,24.210417,0.4,2512.0,616.6666666666666,1767.6666666666667,1434.3333333333333,94.27
2022-10-05,24.337496,8.9,721.0,575.5,1705.0,1413.0,94.27
2022-10-06,22.341667,14.000001,2046.0,633.3333333333334,1753.3333333333333,1528.3333333333333,94.27
2022-10-07,22.3125,5.0999994,2295.0,700.0,2020.3333333333333,1784.0,94.27
2022-10-08,23.560417,1.0,2301.0,650.3333333333334,2035.6666666666667,1763.3333333333333,94.27
2022-10-09,23.514582,9.6,893.0,800.0,2056.0,1840.0,94.27
2022-10-10,23.6625,5.6,1265.0,700.0,2301.0,1950.0,94.27
2022-10-11,23.22917,2.6,305.0,700.0,2135.0,1971.0,94.27
2022-10-12,23.952085,1.2,2816.0,683.3333333333334,2248.3333333333335,1993.3333333333333,94.27
2022-10-13,23.120832,8.0,2937.0,740.3333333333334,2391.0,2070.0,94.27
2022-10-14,22.700003,0.0,3588.0,700.0,2352.0,1966.6666666666667,94.27
2022-10-15,22.99375,0.0,2513.0,700.0,2410.5,1900.0,94.27
2022-10-16,23.622915,17.3,1405.0,700.0,2400.0,1900.0,94.27
2022-10-17,23.058332,4.9,3208.0,700.0,2424.0,2010.3333333333333,94.27
2022-10-18,23.143751,2.9,2405.0,700.0,2400.3333333333335,1950.0,94.27
2022-10-19,22.956251,0.5,3581.0,633.3333333333334,2333.6666666666665,1883.3333333333333,94.27
2022-10-20,22.641668,4.2,3376.0,675.0,2311.6666666666665,1833.3333333333333,94.27
2022-10-21,22.687502,0.0,3310.0,600.0,2267.3333333333335,1827.3333333333333,94.27
2022-10-22,21.022915,0.0,954.0,650.0,2400.0,1800.0,94.27
2022-10-23,21.310417,0.0,954.0,650.0,2400.0,1800.0,94.27
2022-10-24,21.464584,0.0,954.0,650.0,2400.0,1800.0,94.27
2022-10-25,21.481253,0.0,954.0,650.0,2400.0,1800.0,94.27
2022-10-26,21.129168,0.0,368.0,700.0,2651.0,2000.0,94.27
2022-10-27,21.279167,0.0,368.0,700.0,2651.0,2000.0,94.27
2022-10-28,21.066668,0.0,512.0,700.0,2530.0,2100.0,94.27
2022-10-29,21.11875,0.0,657.0,800.0,3001.0,2500.0,94.27
2022-10-30,21.604166,0.0,657.0,800.0,3001.0,2500.0,94.27
2022-10-31,20.102083,0.0,2453.0,825.5,3051.0,2475.0,94.27
2022-11-01,20.883333,0.0,2655.0,833.3333333333334,2812.0,2430.3333333333335,94.27
2022-11-02,21.595833,0.0,2804.0,866.6666666666666,3055.3333333333335,2500.3333333333335,94.27
2022-11-03,21.233332,0.0,2762.0,933.3333333333334,2952.0,2450.3333333333335,94.27
2022-11-04,21.525002,0.0,3127.0,870.3333333333334,3020.3333333333335,2500.6666666666665,94.27
2022-11-05,21.995834,0.0,2353.0,866.6666666666666,2957.3333333333335,2416.6666666666665,94.27
2022-11-06,22.737501,0.0,1149.0,700.0,3101.0,2450.0,94.27
2022-11-07,22.945833,0.0,3054.0,666.6666666666666,2798.6666666666665,2286.6666666666665,94.27
2022-11-08,21.88125,0.0,2312.0,600.0,2820.5,1800.0,94.27
2022-11-09,21.456251,0.0,2401.0,616.6666666666666,2700.6666666666665,1983.6666666666667,94.27
2022-11-10,21.579168,0.0,1322.0,1366.6666666666667,3567.3333333333335,3126.6666666666665,94.27
2022-11-11,21.739584,0.0,2207.0,666.6666666666666,2661.3333333333335,1966.6666666666667,94.27
2022-11-12,21.604166,0.0,1678.0,650.0,2591.0,1875.0,94.27
2022-11-13,22.012503,0.0,936.0,600.0,2530.0,1900.0,94.27
2022-11-14,22.472916,0.0,936.0,600.0,2530.0,1900.0,94.27
2022-11-15,21.814583,0.0,750.0,800.0,2440.0,1851.0,94.27
2022-11-16,21.233334,0.0,3361.0,566.6666666666666,2250.0,1633.6666666666667,94.27
2022-11-17,19.55625,0.0,2966.0,533.3333333333334,2086.6666666666665,1516.6666666666667,94.27
2022-11-18,18.93125,0.0,2165.0,500.0,1800.0,1418.3333333333333,94.27
2022-11-19,18.597918,0.0,1776.0,600.0,1895.5,1500.5,94.27
2022-11-20,18.4375,0.0,1063.0,500.0,1940.0,1500.0,94.27
2022-11-21,19.268747,0.0,798.0,500.0,1812.0,1400.0,94.27
2022-11-22,20.358335,0.0,984.0,500.0,1871.0,1501.0,94.27
2022-11-23,20.710417,0.0,1836.0,1133.6666666666667,1928.0,1700.6666666666667,94.27
2022-11-24,21.85,0.0,2139.0,1130.5,1746.0,1580.5,94.27
2022-11-25,22.891665,0.0,1160.0,500.0,1651.0,1250.0,94.27
2022-11-26,22.608332,0.0,1913.0,921.0,1571.3333333333333,1387.0,94.27
2022-11-27,22.099998,0.0,196.0,552.0,1352.0,1100.0,94.27
2022-11-28,21.789583,0.0,196.0,552.0,1352.0,1100.0,94.27
2022-11-29,21.666666,0.0,209.0,525.0,1271.0,1051.0,94.27
2022-11-30,21.062504,0.0,1830.0,497.0,1445.3333333333333,1150.0,94.27
2022-12-01,21.129168,0.0,1147.0,781.0,1808.0,1655.5,94.27
2022-12-02,21.670835,0.0,2008.0,500.3333333333333,1416.0,1000.0,94.27
2022-12-03,22.845833,0.0,1866.0,500.0,1488.0,1100.5,94.27
2022-12-04,23.61458,0.2,868.0,500.0,1591.0,1151.0,94.27
2022-12-05,23.945833,0.0,868.0,500.0,1591.0,1151.0,94.27
2022-12-06,22.643751,0.0,332.0,500.0,1141.0,900.0,94.27
2022-12-07,20.72083,0.0,1668.0,433.3333333333333,1258.6666666666667,955.0,94.27
2022-12-08,18.891666,0.0,1575.0,450.0,1292.0,1004.0,94.27
2022-12-09,18.735415,0.0,1692.0,533.6666666666666,1364.0,1108.3333333333333,94.27
2022-12-10,21.322916,0.0,1497.0,483.6666666666667,1324.6666666666667,1086.6666666666667,94.27
2022-12-11,22.966667,0.3,141.0,451.0,1299.0,1050.0,94.27
2022-12-12,23.427086,0.3,1844.0,666.3333333333334,1667.6666666666667,1340.3333333333333,94.27
2022-12-13,23.141663,5.2,1757.0,800.0,1952.0,1511.6666666666667,94.27
2022-12-14,22.827085,0.4,1586.0,533.3333333333334,1637.3333333333333,1316.6666666666667,94.27
2022-12-15,23.020834,0.0,1883.0,533.6666666666666,1650.6666666666667,1317.3333333333333,94.27
2022-12-16,23.137497,0.0,2484.0,666.6666666666666,1831.0,1445.3333333333333,94.27
2022-12-17,22.78125,0.0,1793.0,566.6666666666666,1295.6666666666667,1000.3333333333334,94.27
2022-12-18,21.083332,0.0,1045.0,500.0,1301.0,1051.0,94.27
2022-12-19,20.975,0.0,2675.0,700.0,1813.6666666666667,1584.0,94.27
2022-12-20,21.25625,0.0,2744.0,533.3333333333334,1725.6666666666667,1534.0,94.27
2022-12-21,21.668749,0.0,2479.0,703.3333333333334,1982.0,1716.6666666666667,94.27
2022-12-22,21.447916,0.0,1110.0,750.0,1906.0,1625.0,94.27
2022-12-23,18.50625,0.0,2507.0,666.6666666666666,1834.0,1550.3333333333333,94.27
2022-12-24,18.733334,0.0,1153.0,549.6666666666666,1677.6666666666667,1467.3333333333333,94.27
2022-12-25,20.545834,0.0,859.0,618.0,1671.0,1400.0,94.27
2022-12-26,20.766668,0.0,1360.0,827.0,1930.3333333333333,1660.3333333333333,94.27
2022-12-27,21.3,0.0,40.0,481.0,1571.0,1431.0,94.27
2022-12-28,21.645834,0.0,4396.0,533.3333333333334,1789.0,1500.3333333333333,94.27
2022-12-29,22.052084,0.0,4247.0,483.3333333333333,1696.6666666666667,1415.3333333333333,94.27
2022-12-30,20.854166,0.0,2909.0,618.3333333333334,1512.0,1220.3333333333333,94.27
2022-12-31,19.420834,0.0,3582.0,583.3333333333334,1454.0,1198.6666666666667,94.27
2023-01-01,19.68958,0.0,227.0,400.0,1251.0,1071.0,94.27
2023-01-02,19.85625,0.0,1351.0,455.5,1608.5,1330.0,94.27
2023-01-03,19.55208,0.0,3220.0,800.0,1711.0,1450.0,94.27
2023-01-04,20.462498,0.0,5025.0,633.3333333333334,1507.0,1252.3333333333333,94.27
2023-01-05,20.668749,0.0,2812.0,600.0,1821.0,1525.0,94.27
2023-01-06,20.952082,0.0,1600.0,800.0,1840.0,1525.0,94.27
2023-01-07,19.547916,0.0,3390.0,846.6666666666666,1754.3333333333333,1483.6666666666667,94.27
2023-01-08,17.929167,0.0,1594.0,600.0,1801.0,1501.0,94.27
2023-01-09,17.76875,0.0,1594.0,600.0,1801.0,1501.0,94.27
2023-01-10,18.879166,0.0,143.0,911.0,1591.0,1451.0,94.27
2023-01-11,18.847916,0.0,7201.0,773.3333333333334,1638.6666666666667,1390.0,94.27
2023-01-12,18.733334,0.0,5065.0,865.0,1685.6666666666667,1392.0,94.27
2023-01-13,16.85625,0.0,2950.0,700.0,1881.0,1425.0,94.27
2023-01-14,17.814585,0.0,4594.0,717.0,1573.3333333333333,1292.0,94.27
2023-01-15,18.266668,0.0,1919.0,700.0,1651.0,1300.0,94.27
2023-01-16,18.897917,0.0,1919.0,700.0,1651.0,1300.0,94.27
2023-01-17,19.4625,0.0,5048.0,564.0,1564.0,1275.3333333333333,94.27
2023-01-18,20.233335,0.0,1200.0,600.0,1551.0,1330.0,94.27
2023-01-19,20.679167,0.0,2776.0,550.5,1610.0,1400.5,94.27
2023-01-20,20.2875,0.0,3029.0,700.0,1654.5,1435.5,94.27
2023-01-21,19.083334,0.0,3424.0,666.6666666666666,1565.3333333333333,1375.0,94.27
2023-01-22,19.206251,0.0,1913.0,600.0,1615.0,1350.0,94.27
2023-01-23,18.845837,0.0,5888.0,604.0,1500.6666666666667,1340.0,94.27
2023-01-24,19.239582,0.0,5723.0,666.6666666666666,1570.3333333333333,1313.6666666666667,94.27
2023-01-25,20.997915,0.0,7183.0,600.3333333333334,1537.0,1290.6666666666667,94.27
2023-01-26,22.137499,0.0,3151.0,600.0,1600.0,1300.0,94.27
2023-01-27,22.214584,0.0,6591.0,623.3333333333334,1435.6666666666667,1250.3333333333333,94.27
2023-01-28,20.708334,0.0,3132.0,616.6666666666666,1467.3333333333333,1243.6666666666667,94.27
2023-01-29,21.060415,0.3,2687.0,600.0,1561.0,1310.0,94.27
2023-01-30,21.71875,0.0,6156.0,583.6666666666666,1424.0,1148.6666666666667,94.27
2023-01-31,21.802084,0.0,6479.0,600.0,1412.0,1191.6666666666667,94.27
2023-02-01,21.729166,0.0,3895.0,600.0,1575.0,1260.0,94.27
2023-02-02,21.33125,0.0,6165.0,583.3333333333334,1404.0,1167.0,94.27
2023-02-03,21.5,0.0,5946.0,530.6666666666666,1427.3333333333333,1143.3333333333333,94.27
2023-02-04,21.870832,0.0,4963.0,583.6666666666666,1384.6666666666667,1120.6666666666667,94.27
2023-02-05,22.05625,0.0,2827.0,600.0,1552.0,1151.0,94.27
2023-02-06,21.954168,0.0,4814.0,508.3333333333333,1392.6666666666667,1160.0,94.27
2023-02-07,22.383333,0.0,4994.0,550.3333333333334,1408.3333333333333,1117.6666666666667,94.27
2023-02-08,23.016668,0.0,5473.0,500.0,1411.0,1083.3333333333333,94.27
2023-02-09,24.468752,0.0,5916.0,490.3333333333333,1355.3333333333333,993.3333333333334,94.27
2023-02-10,23.220835,0.0,3754.0,383.3333333333333,1311.6666666666667,943.3333333333334,94.27
2023-02-11,21.754166,0.0,3783.0,450.3333333333333,1220.6666666666667,920.3333333333334,94.27
2023-02-12,22.070833,0.0,1200.0,500.0,1352.0,950.0,94.27
2023-02-13,21.666666,0.0,6616.0,416.6666666666667,1140.6666666666667,810.3333333333334,94.27
2023-02-14,22.925001,0.0,3751.0,416.6666666666667,1140.3333333333333,766.6666666666666,94.27
2023-02-15,24.058329,0.0,5705.0,417.0,1111.6666666666667,716.6666666666666,94.27
2023-02-16,24.295835,0.0,3702.0,433.3333333333333,1087.6666666666667,700.0,94.27
2023-02-17,23.275002,0.0,6527.0,366.6666666666667,1056.0,648.3333333333334,94.27
2023-02-18,23.539581,0.0,1277.0,352.5,960.5,648.0,94.27
2023-02-19,24.979166,0.0,169.0,305.0,760.0,621.0,94.27
2023-02-20,25.21875,0.0,3618.0,433.3333333333333,1015.0,683.6666666666666,94.27
2023-02-21,24.975,0.0,6010.0,400.0,1032.6666666666667,658.6666666666666,94.27
2023-02-22,25.214582,0.0,5659.0,366.6666666666667,1047.0,570.3333333333334,94.27
2023-02-23,25.160418,0.0,5107.0,367.0,965.6666666666666,533.6666666666666,94.27
2023-02-24,25.331247,0.0,4564.0,300.0,1004.3333333333334,541.6666666666666,94.27
2023-02-25,24.929169,0.0,3984.0,325.3333333333333,1010.3333333333334,592.0,94.27
2023-02-26,24.82917,0.0,1450.0,300.0,1148.0,600.0,94.27
2023-02-27,24.852087,0.0,2550.0,300.3333333333333,888.6666666666666,557.0,94.27
2023-02-28,25.287498,0.0,3574.0,333.3333333333333,1044.0,635.0,94.27
2023-03-01,26.075003,0.0,4821.0,383.6666666666667,1038.0,727.3333333333334,94.27
2023-03-02,26.454168,0.0,5433.0,400.3333333333333,1005.3333333333334,716.6666666666666,94.27
2023-03-03,27.089582,0.0,4093.0,408.3333333333333,979.6666666666666,750.3333333333334,94.27
2023-03-04,26.57292,0.2,4989.0,408.3333333333333,998.6666666666666,716.6666666666666,94.27
2023-03-05,23.589582,1.8000001,1870.0,400.0,1064.0,700.0,94.27
2023-03-06,22.954165,4.0,3432.0,417.0,1015.0,753.3333333333334,94.27
2023-03-07,23.991663,0.0,893.0,420.0,965.5,800.0,94.27
2023-03-08,24.295832,0.0,3027.0,417.0,1100.6666666666667,800.0,94.27
2023-03-09,24.10417,0.0,4761.0,436.6666666666667,1141.6666666666667,810.0,94.27
2023-03-10,25.060411,0.0,5288.0,466.6666666666667,1138.6666666666667,836.6666666666666,94.27
2023-03-11,25.310417,0.0,4693.0,466.6666666666667,1172.6666666666667,850.3333333333334,94.27
2023-03-12,26.177086,0.1,2040.0,400.0,1222.0,851.0,94.27
2023-03-13,26.018751,0.0,650.0,415.0,1063.5,787.5,94.27
2023-03-14,24.891668,0.6,2138.0,500.0,1110.0,883.3333333333334,94.27
2023-03-15,22.816668,1.0,3396.0,466.6666666666667,1125.3333333333333,883.3333333333334,94.27
2023-03-16,22.0875,0.8,2391.0,449.3333333333333,1125.3333333333333,917.3333333333334,94.27
2023-03-17,21.547918,4.2999997,3224.0,480.3333333333333,1084.0,867.6666666666666,94.27
2023-03-18,21.777079,0.0,3228.0,384.0,1093.6666666666667,763.6666666666666,94.27
2023-03-19,21.754166,0.0,1511.0,351.0,1251.0,760.0,94.27
2023-03-20,22.077082,0.0,5653.0,516.6666666666666,1088.0,800.3333333333334,94.27
2023-03-21,22.44375,0.0,2683.0,437.0,1054.3333333333333,777.0,94.27
2023-03-22,22.668753,0.0,3070.0,650.3333333333334,1129.0,933.3333333333334,94.27
2023-03-23,22.964584,0.0,4626.0,466.6666666666667,1075.3333333333333,867.3333333333334,94.27
2023-03-24,22.66667,0.0,3552.0,551.6666666666666,1091.3333333333333,925.0,94.27
2023-03-25,22.504168,0.0,4297.0,450.0,1055.0,865.0,94.27
2023-03-26,23.660416,0.0,2387.0,300.0,980.0,730.0,94.27
2023-03-27,24.30625,0.0,4129.0,533.3333333333334,1067.0,883.3333333333334,94.27
2023-03-28,24.868746,0.0,5880.0,400.0,871.6666666666666,675.0,94.27
2023-03-29,23.870832,0.0,4675.0,467.0,970.3333333333334,790.6666666666666,94.27
2023-03-30,23.8125,0.1,2980.0,450.0,1075.5,860.0,94.27
2023-03-31,23.831247,0.0,3971.0,500.0,1077.0,835.0,94.27
2023-04-01,24.639585,0.0,3221.0,500.0,1096.0,870.0,94.27
2023-04-02,25.183334,0.0,3221.0,500.0,1096.0,870.0,94.27
2023-04-03,26.65625,0.0,407.0,350.0,801.0,600.0,94.27
2023-04-04,27.40625,0.0,250.0,500.0,1000.0,800.0,94.27
2023-04-05,27.768751,0.0,1898.0,250.0,699.5,550.0,94.27
2023-04-06,27.66667,0.0,2145.0,450.3333333333333,1002.0,791.6666666666666,94.27
2023-04-07,27.01458,0.0,2481.0,450.0,916.5,735.0,94.27
2023-04-08,27.891665,0.0,2552.0,333.3333333333333,816.6666666666666,657.0,94.27
2023-04-09,27.989584,0.0,160.0,300.0,660.0,571.0,94.27
2023-04-10,28.804167,0.0,4425.0,347.0,896.0,702.0,94.27
2023-04-11,29.758333,0.0,2146.0,383.6666666666667,860.0,670.0,94.27
2023-04-12,29.291666,0.1,3070.0,318.0,784.0,613.3333333333334,94.27
2023-04-13,29.614584,0.0,2597.0,367.0,809.6666666666666,653.3333333333334,94.27
2023-04-14,28.43542,0.0,1372.0,310.6666666666667,734.0,643.6666666666666,94.27
2023-04-15,28.88333,0.0,2162.0,323.6666666666667,780.3333333333334,603.6666666666666,94.27
2023-04-16,29.433334,0.0,133.0,271.0,620.0,581.0,94.27
2023-04-17,30.183334,0.0,2123.0,373.6666666666667,867.3333333333334,647.0,94.27
2023-04-18,30.3125,0.0,2957.0,350.3333333333333,887.6666666666666,675.0,94.27
2023-04-19,29.404167,0.0,3005.0,303.6666666666667,852.6666666666666,617.0,94.27
2023-04-20,27.460419,0.0,2115.0,266.6666666666667,747.3333333333334,538.3333333333334,94.27
2023-04-21,26.595835,0.0,2219.0,303.6666666666667,767.3333333333334,609.0,94.27
2023-04-22,26.670832,0.0,336.0,400.0,880.0,670.5,94.27
2023-04-23,28.118752,0.0,248.0,400.0,890.0,650.0,94.27
2023-04-24,28.760414,0.0,2527.0,407.0,938.0,636.6666666666666,94.27
2023-04-25,26.679167,0.0,2198.0,323.6666666666667,883.0,606.6666666666666,94.27
2023-04-26,26.820833,0.0,2258.0,333.3333333333333,947.0,623.6666666666666,94.27
2023-04-27,27.414581,0.2,2357.0,350.0,900.6666666666666,676.6666666666666,94.27
2023-04-28,25.877085,0.0,195.0,300.0,781.0,630.0,94.27
2023-04-29,24.61875,1.1,1444.0,400.0,991.0,730.0,94.27
2023-04-30,24.285416,0.0,159.0,400.0,981.0,680.0,94.27
2023-05-01,25.65625,0.0,159.0,400.0,981.0,680.0,94.27
2023-05-02,25.970833,0.0,3544.0,300.0,954.3333333333334,691.6666666666666,94.27
2023-05-03,26.350004,0.0,2894.0,366.6666666666667,1010.6666666666666,725.0,94.27
2023-05-04,26.950003,0.0,3004.0,383.3333333333333,992.0,725.0,94.27
2023-05-05,27.40625,0.5,2167.0,367.0,1033.0,733.3333333333334,94.27
2023-05-06,27.604172,0.5,4486.0,350.0,1064.6666666666667,720.6666666666666,94.27
2023-05-07,28.977087,0.1,1807.0,350.0,1020.0,700.0,94.27
2023-05-08,30.056252,0.1,5229.0,383.3333333333333,1068.0,723.3333333333334,94.27
2023-05-09,31.412497,0.0,3988.0,350.0,1010.3333333333334,720.0,94.27
2023-05-10,32.037502,0.0,3956.0,317.0,1020.6666666666666,683.6666666666666,94.27
2023-05-11,31.439583,0.0,3440.0,383.3333333333333,1006.3333333333334,716.6666666666666,94.27
2023-05-12,30.697914,0.0,2718.0,333.3333333333333,1017.0,720.3333333333334,94.27
2023-05-13,29.170835,0.0,3270.0,357.0,1054.6666666666667,733.6666666666666,94.27
2023-05-14,28.424997,0.0,301.0,321.0,853.0,651.0,94.27
2023-05-15,28.120834,0.0,4663.0,370.3333333333333,1063.0,736.6666666666666,94.27
2023-05-16,28.747915,0.0,3529.0,300.3333333333333,1005.0,658.3333333333334,94.27
2023-05-17,29.064583,0.0,3763.0,333.6666666666667,1050.3333333333333,666.6666666666666,94.27
2023-05-18,29.754164,0.0,4142.0,333.6666666666667,1027.0,662.0,94.27
2023-05-19,29.25625,0.0,2991.0,350.0,1041.6666666666667,684.0,94.27
2023-05-20,28.777082,0.0,2849.0,308.3333333333333,1091.0,633.3333333333334,94.27
2023-05-21,29.208328,0.0,1379.0,300.0,1215.0,700.0,94.27
2023-05-22,29.497911,0.0,2370.0,350.0,1047.6666666666667,691.6666666666666,94.27
2023-05-23,28.810417,0.0,2019.0,333.3333333333333,1015.0,675.0,94.27
2023-05-24,27.954165,0.0,3310.0,283.6666666666667,1033.3333333333333,647.0,94.27
2023-05-25,27.724998,0.0,3068.0,317.0,1040.6666666666667,633.6666666666666,94.27
2023-05-26,27.722914,0.0,2679.0,300.0,1055.0,686.6666666666666,94.27
2023-05-27,28.668753,0.0,2087.0,333.3333333333333,1059.3333333333333,748.3333333333334,94.27
2023-05-28,29.989588,0.0,904.0,400.0,1152.0,800.0,94.27
2023-05-29,30.08959,0.0,3112.0,375.0,1158.6666666666667,767.0,94.27
2023-05-30,30.675003,0.0,2722.0,353.6666666666667,1081.0,795.0,94.27
2023-05-31,30.704165,0.0,3468.0,440.3333333333333,1234.3333333333333,771.6666666666666,94.27
2023-06-01,28.610415,0.0,3129.0,417.0,1115.3333333333333,760.3333333333334,94.27
2023-06-02,28.879166,0.0,3166.0,333.3333333333333,1172.6666666666667,758.3333333333334,94.27
2023-06-03,28.354166,1.5,2600.0,333.3333333333333,1231.6666666666667,770.0,94.27
2023-06-04,28.043747,0.2,249.0,300.0,971.0,700.0,94.27
2023-06-05,28.722916,0.0,4490.0,400.3333333333333,1327.0,937.0,94.27
2023-06-06,29.068754,0.0,5360.0,383.3333333333333,1284.3333333333333,866.6666666666666,94.27
2023-06-07,29.347916,0.0,5381.0,383.3333333333333,1250.3333333333333,900.3333333333334,94.27
2023-06-08,29.172918,0.3,4816.0,333.3333333333333,1260.6666666666667,808.3333333333334,94.27
2023-06-09,28.752083,1.7,4676.0,350.6666666666667,1260.6666666666667,875.0,94.27
2023-06-10,28.824999,1.9,3642.0,337.0,1220.3333333333333,826.6666666666666,94.27
2023-06-11,28.758331,1.3,295.0,311.0,1001.0,700.0,94.27
2023-06-12,27.770836,1.5,5814.0,350.3333333333333,1421.3333333333333,900.6666666666666,94.27
2023-06-13,26.65625,0.8000001,4580.0,366.6666666666667,1233.6666666666667,820.3333333333334,94.27
2023-06-14,27.106247,0.9000001,4187.0,400.0,1387.3333333333333,884.0,94.27
2023-06-15,25.947916,2.4,5409.0,300.3333333333333,1359.0,823.6666666666666,94.27
2023-06-16,26.252083,0.6,4264.0,333.3333333333333,1287.6666666666667,833.3333333333334,94.27
2023-06-17,26.9125,1.6,3320.0,366.6666666666667,1287.6666666666667,900.3333333333334,94.27
2023-06-18,27.116667,0.0,1378.0,400.0,1325.0,1000.0,94.27
2023-06-19,27.225,1.4,5805.0,400.0,1377.3333333333333,900.6666666666666,94.27
2023-06-20,27.36667,1.8000001,5058.0,333.3333333333333,1450.3333333333333,887.0,94.27
2023-06-21,27.69375,0.9,5046.0,350.0,1468.0,910.0,94.27
2023-06-22,27.383331,1.9,4906.0,350.0,1529.0,900.3333333333334,94.27
2023-06-23,25.410416,2.2,4410.0,433.6666666666667,1567.0,1000.6666666666666,94.27
2023-06-24,24.56875,2.6000001,4198.0,417.3333333333333,1630.3333333333333,1000.6666666666666,94.27
2023-06-25,23.062498,11.099999,1948.0,500.0,2151.0,1050.0,94.27
2023-06-26,23.020836,7.7000003,5142.0,433.3333333333333,1637.6666666666667,1100.6666666666667,94.27
2023-06-27,23.4125,16.2,4091.0,508.3333333333333,1800.3333333333333,1192.0,94.27
2023-06-28,23.066666,13.900001,3448.0,500.0,2185.5,1265.0,94.27
2023-06-29,23.000002,17.2,3445.0,533.3333333333334,2000.0,1309.0,94.27
2023-06-30,22.964584,20.500002,5152.0,566.6666666666666,1842.3333333333333,1349.0,94.27
2023-07-01,23.956251,6.1,5129.0,566.6666666666666,1876.3333333333333,1350.3333333333333,94.27
2023-07-02,24.981253,3.7000005,2564.0,700.0,2601.0,1400.0,94.27
2023-07-03,25.208338,3.0,7265.0,600.0,2084.0,1403.3333333333333,94.27
2023-07-04,24.429167,20.8,6145.0,533.3333333333334,1586.6666666666667,1316.6666666666667,94.27
2023-07-05,24.0625,10.200002,7642.0,533.3333333333334,1907.6666666666667,1300.3333333333333,94.27
2023-07-06,23.883333,6.9,6699.0,500.0,1939.0,1295.0,94.27
2023-07-07,23.670835,7.1,6891.0,500.0,1917.3333333333333,1265.0,94.27
2023-07-08,23.779167,6.2,6252.0,500.0,1859.3333333333333,1246.6666666666667,94.27
2023-07-09,24.227083,3.0999997,2735.0,500.0,1577.0,1250.0,94.27
2023-07-10,24.195833,3.6,6253.0,483.3333333333333,2067.0,1280.0,94.27
2023-07-11,23.75,5.3999996,5643.0,466.6666666666667,1572.3333333333333,1250.3333333333333,94.27
2023-07-12,24.204165,4.6999993,5435.0,483.6666666666667,1934.0,1240.0,94.27
2023-07-13,23.981253,15.600001,5458.0,500.0,1787.6666666666667,1240.3333333333333,94.27
2023-07-14,23.808334,8.9,5915.0,500.0,1848.0,1233.6666666666667,94.27
2023-07-15,23.212503,4.6,4483.0,550.0,2038.0,1350.0,94.27
2023-07-16,23.589584,3.3000002,2210.0,500.0,1565.0,1350.0,94.27
2023-07-17,23.668749,15.6,3540.0,533.3333333333334,1900.3333333333333,1323.3333333333333,94.27
2023-07-18,23.624998,10.8,5938.0,600.0,1903.0,1333.6666666666667,94.27
2023-07-19,24.039587,9.3,600.0,600.0,1700.0,1375.0,94.27
2023-07-20,24.304169,7.3999996,5540.0,566.6666666666666,1954.3333333333333,1300.3333333333333,94.27
2023-07-21,23.583334,16.8,6591.0,466.6666666666667,1537.3333333333333,1206.6666666666667,94.27
2023-07-22,23.772913,9.9,5089.0,466.6666666666667,1900.6666666666667,1200.3333333333333,94.27
2023-07-23,23.768751,8.300001,2344.0,500.0,2701.0,1251.0,94.27
2023-07-24,23.927086,6.3,5222.0,466.6666666666667,1528.6666666666667,1217.3333333333333,94.27
2023-07-25,23.750002,14.100001,4524.0,533.3333333333334,1902.3333333333333,1250.6666666666667,94.27
2023-07-26,23.52917,16.9,4892.0,537.0,1921.6666666666667,1275.0,94.27
2023-07-27,23.139582,18.100006,4995.0,466.6666666666667,1905.6666666666667,1236.6666666666667,94.27
2023-07-28,23.160421,4.3999996,5236.0,500.0,1922.3333333333333,1227.0,94.27
2023-07-29,23.633337,4.3999996,3732.0,500.0,1906.0,1225.0,94.27
2023-07-30,23.814583,4.4,1571.0,600.0,2781.0,1275.0,94.27
2023-07-31,23.879164,3.3000002,4788.0,533.3333333333334,1954.3333333333333,1300.0,94.27
2023-08-01,23.583334,4.5,5234.0,567.0,1873.3333333333333,1290.0,94.27
2023-08-02,23.63542,2.8000002,5384.0,533.3333333333334,1595.3333333333333,1330.0,94.27
2023-08-03,23.562502,1.8000002,4900.0,700.0,1725.0,1433.6666666666667,94.27
2023-08-04,23.768753,3.7,5202.0,733.3333333333334,1754.6666666666667,1567.0,94.27
2023-08-05,23.756248,2.4,4211.0,733.6666666666666,1876.0,1625.0,94.27
2023-08-06,23.895834,1.2000002,2040.0,1000.0,2000.0,1650.0,94.27
2023-08-07,24.037497,1.1000001,4479.0,733.3333333333334,2131.6666666666665,1770.3333333333333,94.27
2023-08-08,24.09583,2.1,4142.0,666.6666666666666,1974.3333333333333,1750.3333333333333,94.27
2023-08-09,23.812502,2.1,4690.0,733.3333333333334,2040.0,1820.0,94.27
2023-08-10,24.172918,1.6000001,4425.0,866.6666666666666,2308.3333333333335,2050.3333333333335,94.27
2023-08-11,23.643751,2.5,4892.0,1033.3333333333333,2535.0,2283.6666666666665,94.27
2023-08-12,23.739586,4.2,5829.0,866.6666666666666,2415.0,2163.3333333333335,94.27
2023-08-13,23.727083,2.4,2346.0,800.0,2409.0,2170.0,94.27
2023-08-14,23.533333,1.5000001,4191.0,866.6666666666666,2517.3333333333335,2243.3333333333335,94.27
2023-08-15,24.316666,1.0,1768.0,900.0,2601.0,2280.0,94.27
2023-08-16,24.03125,0.4,1768.0,900.0,2601.0,2280.0,94.27
2023-08-17,23.920837,0.4,4800.0,866.6666666666666,2490.6666666666665,2260.0,94.27
2023-08-18,23.9625,1.0000001,5242.0,833.3333333333334,2459.0,2141.6666666666665,94.27
2023-08-19,23.820833,4.4999995,3921.0,866.6666666666666,2352.3333333333335,2066.6666666666665,94.27
2023-08-20,24.158335,1.2,342.0,1000.0,2231.0,2050.0,94.27
2023-08-21,23.731249,3.5,210.0,800.0,2490.0,2100.0,94.27
2023-08-22,23.762499,2.0,1350.0,800.0,2360.0,2150.0,94.27
2023-08-23,23.96875,1.5000001,1825.0,900.0,2370.5,2050.0,94.27
2023-08-24,24.014582,3.8999996,2519.0,833.3333333333334,2457.0,2133.6666666666665,94.27
2023-08-25,23.425003,4.3999996,2727.0,733.3333333333334,2369.0,2100.3333333333335,94.27
2023-08-26,23.277079,2.2,2862.0,633.3333333333334,2301.0,2050.3333333333335,94.27
2023-08-27,23.839579,2.4,392.0,800.0,2302.0,2050.0,94.27
2023-08-28,24.179167,2.6000001,3982.0,666.6666666666666,2350.3333333333335,2000.0,94.27
2023-08-29,24.539583,0.4,4431.0,683.3333333333334,2303.3333333333335,2033.3333333333333,94.27
2023-08-30,24.614578,0.2,875.0,700.0,2371.0,2100.0,94.27
2023-08-31,25.589584,0.2,3547.0,800.3333333333334,2424.3333333333335,2250.3333333333335,94.27
2023-09-01,24.679167,4.7999997,3068.0,867.0,2424.0,2167.0,94.27
2023-09-02,24.472916,2.1,2573.0,833.3333333333334,2464.0,2233.6666666666665,94.27
2023-09-03,24.141668,1.2,1170.0,800.0,2401.0,2250.0,94.27
2023-09-04,24.558334,0.1,241.0,800.0,2341.0,2100.0,94.27
2023-09-05,24.222916,5.1000004,3379.0,900.3333333333334,2487.3333333333335,2225.0,94.27
2023-09-06,23.897919,5.3999996,3044.0,833.3333333333334,2382.3333333333335,2017.0,94.27
2023-09-07,23.083334,20.2,720.0,800.0,2380.0,2100.0,94.27
2023-09-08,24.35,2.3999996,1514.0,833.3333333333334,2331.6666666666665,2017.0,94.27
2023-09-09,24.535416,0.8000001,1343.0,683.6666666666666,2290.3333333333335,1966.6666666666667,94.27
2023-09-10,24.341661,1.6000001,123.0,700.0,2171.0,1950.0,94.27
2023-09-11,24.147917,0.3,2356.0,800.0,2459.0,1950.0,94.27
2023-09-12,24.018745,1.3000001,1520.0,700.0,2240.5,1925.0,94.27
2023-09-13,24.222916,1.9000002,2403.0,733.3333333333334,2277.0,1925.0,94.27
2023-09-14,23.791672,1.2,270.0,700.0,2301.0,1950.0,94.27
2023-09-15,22.895834,7.8000007,1598.0,716.6666666666666,2277.6666666666665,1950.0,94.27
2023-09-16,23.060415,2.2,1928.0,700.0,2260.0,1900.3333333333333,94.27
2023-09-17,23.158335,4.9,977.0,700.0,2302.0,1951.0,94.27
2023-09-18,23.535416,3.0,1677.0,650.0,2236.0,1975.0,94.27
2023-09-19,24.012497,5.2999997,1174.0,725.0,2351.5,2025.0,94.27
2023-09-20,24.322916,10.200001,710.0,750.0,2352.0,2000.0,94.27
2023-09-21,23.768751,17.000002,710.0,750.0,2352.0,2000.0,94.27
2023-09-22,23.797915,12.5,710.0,750.0,2352.0,2000.0,94.27
2023-09-23,23.722916,7.1,710.0,750.0,2352.0,2000.0,94.27
2023-09-24,24.081253,1.8000001,710.0,750.0,2352.0,2000.0,94.27
2023-09-25,24.48958,6.2000003,710.0,750.0,2352.0,2000.0,94.27
2023-09-26,24.035416,20.0,710.0,750.0,2352.0,2000.0,94.27
2023-09-27,24.718752,2.5,710.0,750.0,2352.0,2000.0,94.27
2023-09-28,24.49167,11.500001,650.0,1000.0,2401.0,2175.0,94.27
2023-09-29,25.958334,0.2,1800.0,1100.0,2501.0,2100.0,94.27
2023-09-30,26.12708,0.0,2400.0,1100.0,2500.0,2150.0,94.27
2023-10-01,24.420832,0.90000004,2400.0,1100.0,2500.0,2150.0,94.27
2023-10-02,24.724998,0.0,2695.0,950.0,2415.0,2075.5,94.27
2023-10-03,24.775,0.0,3472.0,890.3333333333334,2447.0,2033.3333333333333,94.27
2023-10-04,24.331251,0.0,3559.0,966.6666666666666,2407.3333333333335,2100.3333333333335,94.27
2023-10-05,24.2875,0.0,3843.0,933.3333333333334,2523.3333333333335,2250.0,94.27
2023-10-06,24.541666,0.0,3905.0,933.6666666666666,2545.0,2270.0,94.27
2023-10-07,24.845833,0.0,2900.0,966.6666666666666,2555.6666666666665,2283.3333333333335,94.27
2023-10-08,25.549997,0.0,328.0,1000.0,2520.0,2300.0,94.27
2023-10-09,25.154165,0.0,3196.0,1033.3333333333333,2619.0,2320.0,94.27
2023-10-10,25.254166,0.0,3001.0,1000.0,2664.3333333333335,2386.6666666666665,94.27
2023-10-11,26.2125,0.0,2611.0,967.0,2710.3333333333335,2415.0,94.27
2023-10-12,25.633333,0.0,2379.0,1373.6666666666667,2641.0,2380.3333333333335,94.27
2023-10-13,26.108332,0.0,2340.0,966.6666666666666,2798.3333333333335,2450.0,94.27
2023-10-14,25.491667,0.1,1301.0,967.3333333333334,2773.6666666666665,2480.0,94.27
2023-10-15,25.104166,0.0,362.0,801.0,2870.0,2525.0,94.27
2023-10-16,24.862501,0.4,1797.0,1100.3333333333333,3136.3333333333335,2883.3333333333335,94.27
2023-10-17,24.808336,0.0,1820.0,1267.0,3513.6666666666665,3200.3333333333335,94.27
2023-10-18,25.710419,0.0,2127.0,1650.3333333333333,3670.6666666666665,3266.6666666666665,94.27
2023-10-19,25.74375,0.0,1981.0,1400.0,3567.0,3233.3333333333335,94.27
2023-10-20,24.745834,0.3,1806.0,1066.6666666666667,3510.6666666666665,3133.3333333333335,94.27
2023-10-21,24.812498,0.0,1269.0,1260.3333333333333,3506.0,3216.6666666666665,94.27
2023-10-22,25.32292,0.0,654.0,1200.0,3511.0,3250.0,94.27
2023-10-23,24.7875,0.0,1792.0,1767.0,4127.0,3866.6666666666665,94.27
2023-10-24,24.197916,0.0,1258.0,2700.0,4453.0,4216.666666666667,94.27
2023-10-25,24.05208,0.0,872.0,2350.3333333333335,4467.0,4000.3333333333335,94.27
2023-10-26,23.735413,0.0,1923.0,2400.3333333333335,5000.666666666667,4575.0,94.27
2023-10-27,23.731249,0.0,2279.0,2283.6666666666665,5540.0,4908.333333333333,94.27
2023-10-28,23.383333,0.0,1947.0,2104.0,5009.333333333333,4395.666666666667,94.27
2023-10-29,23.585417,0.0,188.0,2301.0,5053.0,4700.0,94.27
2023-10-30,23.433334,0.0,2402.0,2257.6666666666665,4600.666666666667,3877.0,94.27
2023-10-31,23.235418,0.0,210.0,2500.0,4899.0,4400.0,94.27
2023-11-01,23.202085,0.0,2330.0,1750.6666666666667,4433.666666666667,3766.6666666666665,94.27
2023-11-02,23.793753,0.0,2255.0,1500.0,4489.333333333333,3833.3333333333335,94.27
2023-11-03,24.089582,0.0,2270.0,1350.3333333333333,4193.666666666667,3333.3333333333335,94.27
2023-11-04,24.314583,0.0,1130.0,1400.0,3952.5,3350.0,94.27
2023-11-05,23.90625,0.0,985.0,1500.0,4052.0,3300.0,94.27
2023-11-06,23.80625,0.0,2448.0,1517.3333333333333,3834.6666666666665,3333.3333333333335,94.27
2023-11-07,24.791666,0.0,1763.0,1599.5,3740.0,3325.0,94.27
2023-11-08,25.24375,0.0,1530.0,2749.5,3849.5,3599.5,94.27
2023-11-09,24.297918,3.3999999,1067.0,1500.0,4115.0,3700.0,94.27
2023-11-10,25.03333,0.0,871.0,1500.0,4413.0,3950.0,94.27
2023-11-11,24.710413,0.0,205.0,1500.0,4400.0,3900.0,94.27
2023-11-12,24.175001,0.0,205.0,1500.0,4400.0,3900.0,94.27
2023-11-13,23.475,0.0,205.0,1500.0,4400.0,3900.0,94.27
2023-11-14,22.958334,0.0,545.0,3000.0,4501.0,4100.0,94.27
2023-11-15,22.80208,0.0,545.0,3000.0,4501.0,4100.0,94.27
2023-11-16,22.222914,0.0,539.0,1775.5,3871.0,3560.0,94.27
2023-11-17,22.529167,0.0,843.0,2050.5,3880.0,3450.0,94.27
2023-11-18,23.974998,0.0,867.0,2220.5,4070.5,3825.0,94.27
2023-11-19,24.979166,0.0,781.0,2500.0,4511.0,4250.0,94.27
2023-11-20,23.68542,0.0,2324.0,2206.6666666666665,4154.0,3920.0,94.27
2023-11-21,22.495834,0.0,2803.0,1950.0,3953.0,3500.0,94.27
2023-11-22,22.558332,0.0,3095.0,1833.3333333333333,4011.6666666666665,3533.3333333333335,94.27
2023-11-23,23.487503,0.0,3037.0,1917.0,3659.6666666666665,3450.0,94.27
2023-11-24,23.445837,0.1,3190.0,2000.0,4052.3333333333335,3666.6666666666665,94.27
2023-11-25,22.306252,15.100001,2413.0,1866.6666666666667,3851.0,3533.6666666666665,94.27
2023-11-26,21.329165,4.3999996,818.0,1500.0,4053.0,3751.0,94.27
2023-11-27,21.529167,1.4,1899.0,2451.6666666666665,4717.0,4300.333333333333,94.27
2023-11-28,21.143751,0.1,2514.0,2200.0,4427.333333333333,4183.333333333333,94.27
2023-11-29,21.2875,1.3,2819.0,2166.6666666666665,4437.0,4100.0,94.27
2023-11-30,21.283333,0.1,2379.0,1833.3333333333333,4010.3333333333335,3667.0,94.27
2023-12-01,22.435415,0.3,1167.0,2000.0,4125.0,3750.0,94.27
2023-12-02,22.893747,0.1,1167.0,2000.0,4125.0,3750.0,94.27
2023-12-03,22.806252,0.0,1167.0,2000.0,4125.0,3750.0,94.27
2023-12-04,22.185415,0.1,1755.0,2100.3333333333335,4041.6666666666665,3733.3333333333335,94.27
2023-12-05,21.022917,0.8,1764.0,2267.0,4097.333333333333,3766.6666666666665,94.27
2023-12-06,20.802084,0.2,2125.0,2133.3333333333335,4323.333333333333,3833.3333333333335,94.27
2023-12-07,21.118752,0.0,2288.0,2033.3333333333333,4237.666666666667,3503.3333333333335,94.27
2023-12-08,21.262497,0.0,2219.0,1158.3333333333333,3067.0,2200.6666666666665,94.27
2023-12-09,21.435417,0.0,2136.0,1000.0,3541.0,3100.0,94.27
2023-12-10,21.608332,0.0,2136.0,1000.0,3541.0,3100.0,94.27
2023-12-11,21.058332,0.0,2474.0,1466.6666666666667,3190.0,2733.3333333333335,94.27
2023-12-12,20.95,0.0,2970.0,1333.3333333333333,2922.0,2466.6666666666665,94.27
2023-12-13,21.097916,0.0,4705.0,1000.0,2360.0,1900.0,94.27
2023-12-14,20.19375,0.0,3714.0,1208.3333333333333,2765.6666666666665,2308.3333333333335,94.27
2023-12-15,19.489582,0.0,3643.0,985.3333333333334,2101.0,1883.3333333333333,94.27
2023-12-16,19.764585,0.0,2536.0,1040.3333333333333,2297.0,2100.0,94.27
2023-12-17,20.10625,0.0,741.0,1000.0,2400.0,2100.0,94.27
2023-12-18,20.05,0.0,2914.0,1066.6666666666667,2270.6666666666665,2100.0,94.27
2023-12-19,19.497917,0.0,3391.0,1167.0,2123.6666666666665,1950.3333333333333,94.27
2023-12-20,20.602081,0.0,3207.0,950.0,2163.3333333333335,1933.3333333333333,94.27
2023-12-21,20.985416,0.0,2651.0,900.0,2070.6666666666665,1866.6666666666667,94.27
2023-12-22,20.852083,0.0,3428.0,1000.3333333333334,2179.3333333333335,1866.6666666666667,94.27
2023-12-23,21.141665,0.0,2959.0,813.3333333333334,2026.0,1824.0,94.27
2023-12-24,21.420832,0.0,307.0,840.0,1916.0,1721.0,94.27
2023-12-25,21.947916,0.0,2018.0,841.6666666666666,1791.0,1640.0,94.27
2023-12-26,21.670835,0.0,2711.0,866.6666666666666,1697.6666666666667,1523.3333333333333,94.27
2023-12-27,22.087502,0.0,2460.0,733.6666666666666,1749.6666666666667,1573.3333333333333,94.27
2023-12-28,22.02917,0.0,2663.0,776.6666666666666,1797.3333333333333,1566.6666666666667,94.27
2023-12-29,21.879166,0.0,2411.0,853.6666666666666,1674.0,1570.6666666666667,94.27
2023-12-30,21.914583,0.0,2032.0,900.3333333333334,1842.6666666666667,1733.6666666666667,94.27
2023-12-31,21.725,0.0,756.0,800.0,1846.0,1751.0,94.27
2024-01-01,21.535416,0.0,2935.0,974.3333333333334,2069.0,1941.6666666666667,94.27
2024-01-02,21.022917,0.0,3794.0,1050.3333333333333,2280.3333333333335,2140.0,94.27
2024-01-03,20.33125,0.0,4212.0,883.6666666666666,2217.6666666666665,1923.3333333333333,94.27
2024-01-04,19.879166,0.0,3401.0,903.6666666666666,1976.3333333333333,1808.3333333333333,94.27
2024-01-05,20.935415,0.5,3024.0,933.6666666666666,1961.0,1798.3333333333333,94.27
2024-01-06,21.477083,0.6,2647.0,866.6666666666666,1950.6666666666667,1820.0,94.27
2024-01-07,22.283335,0.0,983.0,900.0,2000.0,1860.0,94.27
2024-01-08,22.670832,0.4,3709.0,866.6666666666666,1934.3333333333333,1838.3333333333333,94.27
2024-01-09,21.222914,6.0,4007.0,933.3333333333334,2056.3333333333335,1891.6666666666667,94.27
2024-01-10,22.645834,0.0,3947.0,850.6666666666666,2019.6666666666667,1868.6666666666667,94.27
2024-01-11,23.26458,0.0,3047.0,733.3333333333334,2010.3333333333333,1816.6666666666667,94.27
2024-01-12,23.185417,0.0,3636.0,875.0,1964.3333333333333,1765.0,94.27
2024-01-13,22.027084,0.0,3270.0,833.3333333333334,1899.3333333333333,1747.0,94.27
2024-01-14,19.560415,0.0,1620.0,800.0,1941.0,1750.0,94.27
2024-01-15,19.460417,0.0,2666.0,783.6666666666666,1861.0,1636.6666666666667,94.27
2024-01-16,19.477083,0.0,2969.0,816.6666666666666,1808.0,1608.3333333333333,94.27
2024-01-17,19.129168,0.0,3502.0,716.6666666666666,1666.6666666666667,1558.6666666666667,94.27
2024-01-18,19.949999,0.0,3495.0,633.3333333333334,1649.0,1517.0,94.27
2024-01-19,20.225,0.0,4067.0,566.6666666666666,1533.3333333333333,1366.6666666666667,94.27
2024-01-20,19.887499,0.0,4330.0,600.3333333333334,1462.3333333333333,1342.0,94.27
2024-01-21,20.493752,0.0,1846.0,600.0,1490.0,1351.0,94.27
2024-01-22,19.006252,0.0,1028.0,675.5,1375.5,1300.0,94.27
2024-01-23,18.116667,0.0,4125.0,633.3333333333334,1443.0,1290.0,94.27
2024-01-24,18.570833,0.0,4640.0,500.0,1403.0,1170.3333333333333,94.27
2024-01-25,20.27917,0.0,4767.0,483.6666666666667,1291.6666666666667,1113.3333333333333,94.27
2024-01-26,21.025,0.0,2241.0,500.0,1375.0,1170.0,94.27
2024-01-27,22.014582,0.0,2290.0,455.5,1303.0,1162.5,94.27
2024-01-28,21.579165,0.0,1870.0,400.0,1405.0,1200.0,94.27
2024-01-29,21.120832,0.0,2229.0,475.5,1272.5,1160.0,94.27
2024-01-30,20.937502,0.0,3536.0,530.3333333333334,1334.0,1211.6666666666667,94.27
2024-01-31,20.339584,0.0,3985.0,666.6666666666666,1378.3333333333333,1300.0,94.27
2024-02-01,20.745834,0.0,3197.0,607.0,1416.0,1283.3333333333333,94.27
2024-02-02,22.158333,0.0,3204.0,600.0,1366.0,1260.0,94.27
2024-02-03,23.622915,0.0,2964.0,567.0,1345.3333333333333,1250.3333333333333,94.27
2024-02-04,23.656252,0.0,1154.0,600.0,1360.0,1250.0,94.27
2024-02-05,23.6875,0.0,3445.0,600.0,1341.6666666666667,1166.6666666666667,94.27
2024-02-06,22.974998,0.0,3476.0,550.0,1315.0,1145.0,94.27
2024-02-07,21.764582,0.0,3514.0,466.6666666666667,1304.0,1147.0,94.27
2024-02-08,22.204168,0.0,3636.0,508.3333333333333,1298.0,1128.3333333333333,94.27
2024-02-09,22.160416,0.0,3229.0,517.0,1273.3333333333333,1120.3333333333333,94.27
2024-02-10,21.770834,0.0,3441.0,466.6666666666667,1214.0,1105.0,94.27
2024-02-11,22.043749,0.0,1308.0,500.0,1196.0,1090.0,94.27
2024-02-12,22.754168,0.0,3742.0,500.0,1279.3333333333333,1168.3333333333333,94.27
2024-02-13,22.725,0.0,3919.0,617.0,1364.0,1203.3333333333333,94.27
2024-02-14,23.337502,0.0,4114.0,607.0,1328.6666666666667,1236.6666666666667,94.27
2024-02-15,25.36458,0.0,4017.0,567.0,1451.6666666666667,1253.3333333333333,94.27
2024-02-16,25.556246,0.0,4352.0,630.0,1331.0,1263.6666666666667,94.27
2024-02-17,24.69792,0.0,3594.0,633.3333333333334,1414.0,1295.0,94.27
2024-02-18,24.381248,0.0,1803.0,600.0,1400.0,1280.0,94.27
2024-02-19,23.6,0.0,2106.0,1000.0,2104.3333333333335,1816.6666666666667,94.27
2024-02-20,22.029165,0.0,3404.0,703.6666666666666,1918.0,1583.3333333333333,94.27
2024-02-21,21.912498,0.0,3707.0,670.3333333333334,1589.0,1465.3333333333333,94.27
2024-02-22,21.293749,0.0,3741.0,833.3333333333334,1590.6666666666667,1450.6666666666667,94.27
2024-02-23,21.339584,0.0,3911.0,933.6666666666666,1895.0,1703.3333333333333,94.27
2024-02-24,21.449997,0.0,3831.0,970.3333333333334,1913.0,1833.6666666666667,94.27
2024-02-25,24.849997,0.0,574.0,1011.0,1900.0,1851.0,94.27
2024-02-26,25.862501,0.1,574.0,1011.0,1900.0,1851.0,94.27
2024-02-27,26.09583,0.0,4244.0,797.0,1847.3333333333333,1697.3333333333333,94.27
2024-02-28,27.129168,0.0,4240.3,677.0,1851.0,1694.0,94.27
2024-02-29,26.812502,0.0,3675.7,960.3333333333334,1798.0,1641.6666666666667,94.27
2024-03-01,24.9,0.6,3903.0,833.3333333333334,1754.0,1630.0,94.27
2024-03-02,22.289583,0.0,3460.5,1005.0,1799.3333333333333,1365.3333333333333,94.27
2024-03-03,20.922918,0.0,467.5,1415.0,1754.0,1671.0,94.27
2024-03-04,22.712502,0.0,3026.5,750.3333333333334,1850.3333333333333,1707.0,94.27
2024-03-05,23.383333,0.0,3129.4,800.0,1913.0,1795.0,94.27
2024-03-06,24.191664,0.0,2847.9,897.0,1914.6666666666667,1833.6666666666667,94.27
2024-03-07,24.968756,0.0,1769.0,1276.6666666666667,2070.3333333333335,1993.3333333333333,94.27
2024-03-08,24.956251,0.0,830.2,975.5,1888.5,1785.5,94.27
2024-03-09,25.92708,0.0,2097.2,883.3333333333334,1918.3333333333333,1796.6666666666667,94.27
2024-03-10,26.429169,0.0,740.0,900.0,1860.0,1700.0,94.27
2024-03-11,26.439585,0.0,3162.4,890.6666666666666,1873.3333333333333,1766.6666666666667,94.27
2024-03-12,25.618752,0.0,2693.8,750.0,1825.5,1700.5,94.27
2024-03-13,24.708334,0.0,3296.6000000000004,850.3333333333334,1788.3333333333333,1683.3333333333333,94.27
2024-03-14,24.160416,0.0,2868.6,766.6666666666666,1710.6666666666667,1595.0,94.27
2024-03-15,24.81875,0.0,2559.5,690.3333333333334,1630.0,1483.6666666666667,94.27
2024-03-16,25.835417,0.0,2008.9,683.3333333333334,1605.0,1480.0,94.27
2024-03-17,26.35,0.0,809.4,700.0,1600.0,1490.0,94.27
2024-03-18,26.468748,0.0,2409.6,600.0,1416.3333333333333,1323.3333333333333,94.27
2024-03-19,27.71667,0.0,1123.0,666.6666666666666,1404.6666666666667,1317.0,94.27
2024-03-20,27.139585,0.0,1957.8,633.6666666666666,1480.3333333333333,1350.0,94.27
2024-03-21,27.597921,0.0,1775.7,697.0,1352.0,1280.0,94.27
2024-03-22,27.879166,0.0,928.3,666.6666666666666,1393.3333333333333,1293.3333333333333,94.27
2024-03-23,28.289581,0.0,1506.7,653.6666666666666,1486.3333333333333,1360.3333333333333,94.27
2024-03-24,29.01667,0.0,628.0,700.0,1541.0,1400.0,94.27
2024-03-25,29.395834,0.0,610.0,627.5,1446.0,1360.0,94.27
2024-03-26,29.997915,0.0,1900.8,733.6666666666666,1542.3333333333333,1468.3333333333333,94.27
2024-03-27,30.15833,0.0,2101.1,856.6666666666666,1608.3333333333333,1540.3333333333333,94.27
2024-03-28,30.075003,0.0,4072.1,833.3333333333334,1607.3333333333333,1551.6666666666667,94.27
2024-03-29,29.916666,0.0,2622.9,800.0,1602.0,1506.6666666666667,94.27
2024-03-30,29.852081,0.0,1243.6,750.0,1550.0,1475.0,94.27
2024-03-31,29.73333,0.0,723.6,900.0,1600.0,1500.0,94.27
2024-04-01,29.335413,0.0,723.6,900.0,1600.0,1500.0,94.27
2024-04-02,29.154165,0.0,723.6,900.0,1600.0,1500.0,94.27
2024-04-03,29.193747,0.0,965.0,700.0,1551.0,1400.0,94.27
2024-04-04,29.506247,0.0,1500.0,700.0,1570.0,1450.0,94.27
2024-04-05,30.358337,0.0,2010.0,600.0,1512.0,1375.0,94.27
2024-04-06,29.53333,0.0,1600.0,600.0,1470.0,1350.0,94.27
2024-04-07,28.602083,0.0,1600.0,600.0,1470.0,1350.0,94.27
2024-04-08,29.24375,0.0,1967.4,700.0,1480.0,1350.0,94.27
2024-04-09,29.275,0.0,1040.0,600.0,1512.0,1350.0,94.27
2024-04-10,29.445837,0.0,1040.0,600.0,1512.0,1350.0,94.27
2024-04-11,29.495834,0.0,1040.0,600.0,1512.0,1350.0,94.27
2024-04-12,27.754166,0.0,1040.0,600.0,1512.0,1350.0,94.27
2024-04-13,28.8125,0.0,2363.0,700.0,1627.5,1375.0,94.27
2024-04-14,31.639582,0.0,533.0,700.0,1725.0,1400.0,94.27
2024-04-15,33.26875,0.0,3132.6,766.6666666666666,1801.3333333333333,1383.6666666666667,94.27
2024-04-16,33.506252,0.0,175.0,900.0,1752.0,1351.0,94.27
2024-04-17,32.720833,0.0,175.0,900.0,1752.0,1351.0,94.27
2024-04-18,32.16875,0.0,175.0,900.0,1752.0,1351.0,94.27
2024-04-19,31.170835,0.0,2641.0,733.3333333333334,1518.6666666666667,1341.6666666666667,94.27
2024-04-20,30.116667,0.6,1180.0,600.0,1501.0,1350.0,94.27
2024-04-21,30.108332,0.1,1180.0,600.0,1501.0,1350.0,94.27
2024-04-22,30.327087,0.0,2220.6,700.0,1500.5,1337.5,94.27
2024-04-23,30.522917,0.0,1902.6,700.0,1500.0,1375.0,94.27
2024-04-24,31.272917,0.0,2527.2,650.0,1500.0,1337.5,94.27
2024-04-25,31.168749,0.0,2217.2000000000003,550.0,1527.5,1325.0,94.27
2024-04-26,32.531246,0.0,1510.2,700.0,1600.0,1375.0,94.27
2024-04-27,33.120834,0.0,1599.0,500.0,1525.5,1350.0,94.27
2024-04-28,32.664585,0.0,1460.0,600.0,1700.0,1400.0,94.27
2024-04-29,32.452084,0.0,1987.0,733.6666666666666,1704.6666666666667,1392.0,94.27
2024-04-30,30.554169,0.0,2039.6,683.6666666666666,1701.0,1391.6666666666667,94.27
2024-05-01,29.635414,0.0,1389.6,700.0,1652.0,1400.0,94.27
2024-05-02,29.666666,0.0,2022.6,566.6666666666666,1733.3333333333333,1492.0,94.27
2024-05-03,30.43125,0.0,2085.0,800.0,1838.0,1575.5,94.27
2024-05-04,30.987501,0.0,3560.4,933.6666666666666,2468.0,2016.6666666666667,94.27
2024-05-05,30.285418,0.0,540.0,1000.0,2401.0,1950.0,94.27
2024-05-06,29.608335,0.0,4305.6,766.6666666666666,2317.6666666666665,1800.3333333333333,94.27
2024-05-07,29.445831,0.0,2934.8,750.0,2150.3333333333335,1666.6666666666667,94.27
2024-05-08,29.858332,0.1,2388.6,700.0,2047.0,1550.0,94.27
2024-05-09,29.106245,5.0,1950.6,633.6666666666666,2100.3333333333335,1616.6666666666667,94.27
2024-05-10,30.381248,0.4,972.8000000000001,600.0,2017.0,1616.6666666666667,94.27
2024-05-11,30.116669,0.8,2080.7,666.6666666666666,2053.6666666666665,1633.3333333333333,94.27
2024-05-12,28.89583,0.6,1600.0,800.0,2160.0,1750.0,94.27
2024-05-13,29.94375,1.5,2096.2,783.6666666666666,2257.0,1728.6666666666667,94.27
2024-05-14,30.497917,0.0,2350.0,716.6666666666666,2155.0,1666.6666666666667,94.27
2024-05-15,30.618752,0.9,2036.4,750.3333333333334,1842.0,1633.3333333333333,94.27
2024-05-16,31.152084,0.0,1868.4,733.3333333333334,1873.6666666666667,1550.0,94.27
2024-05-17,31.329165,0.1,1869.1,666.6666666666666,2020.0,1543.3333333333333,94.27
2024-05-18,32.10625,0.0,2009.8,700.3333333333334,1957.0,1590.3333333333333,94.27
2024-05-19,32.31875,0.0,324.0,900.0,1800.0,1621.0,94.27
2024-05-20,32.708336,0.0,324.0,900.0,1800.0,1621.0,94.27
2024-05-21,32.6,0.0,1408.4,700.3333333333334,1983.6666666666667,1553.3333333333333,94.27
2024-05-22,32.37084,0.0,1520.0,700.3333333333334,1924.6666666666667,1607.0,94.27
2024-05-23,31.52917,0.0,1463.3999999999999,700.3333333333334,1984.0,1641.6666666666667,94.27
2024-05-24,29.627085,0.0,1216.8,600.5,1835.5,1525.5,94.27
2024-05-25,29.489584,0.0,1336.4,666.6666666666666,1909.3333333333333,1604.0,94.27
2024-05-26,28.49375,0.3,33.4,500.0,1811.0,1461.0,94.27
2024-05-27,28.829165,0.0,1536.8,666.6666666666666,1881.3333333333333,1633.3333333333333,94.27
2024-05-28,28.472921,0.0,1371.4,666.6666666666666,2101.3333333333335,1683.6666666666667,94.27
2024-05-29,28.862501,0.0,1525.9,833.3333333333334,2149.6666666666665,1826.6666666666667,94.27
2024-05-30,29.404167,0.0,842.4,805.5,2001.0,1775.0,94.27
2024-05-31,29.360415,0.0,1647.6,700.0,2093.3333333333335,1872.0,94.27
2024-06-01,29.845835,0.0,2626.6,766.6666666666666,2250.3333333333335,1983.3333333333333,94.27
2024-06-02,29.11458,2.4,433.0,1000.0,2250.0,2000.0,94.27
2024-06-03,28.256256,6.6,2765.8,833.3333333333334,2310.3333333333335,2040.3333333333333,94.27
2024-06-04,28.13958,3.8,2475.0,903.6666666666666,2354.3333333333335,2150.0,94.27
2024-06-05,28.558332,0.9,2702.1,903.3333333333334,2434.0,2218.3333333333335,94.27
2024-06-06,27.393751,6.2000003,2920.7,963.3333333333334,2541.0,2323.6666666666665,94.27
2024-06-07,26.27292,18.0,3844.5,970.6666666666666,2571.0,2417.0,94.27
2024-06-08,26.314585,2.7,3563.1,920.3333333333334,2734.6666666666665,2550.0,94.27
2024-06-09,25.566666,14.700001,663.5,1000.0,2705.0,2600.0,94.27
2024-06-10,25.481249,4.5,4543.1,1050.3333333333333,2790.3333333333335,2583.3333333333335,94.27
2024-06-11,25.893747,1.9000001,4655.3,1000.0,2667.0,2417.0,94.27
2024-06-12,25.887503,1.3000001,1537.6,1000.0,2620.0,2400.0,94.27
2024-06-13,25.4375,0.90000004,2862.1,1033.3333333333333,2645.3333333333335,2432.0,94.27
2024-06-14,25.866667,4.4,2952.9,966.6666666666666,2721.0,2541.6666666666665,94.27
2024-06-15,26.479166,5.2,3439.9,933.3333333333334,2786.6666666666665,2575.0,94.27
2024-06-16,25.88958,13.400001,120.7,1270.0,2761.0,2600.0,94.27
2024-06-17,25.393747,6.3999996,1450.6,1100.0,2825.0,2650.0,94.27
2024-06-18,24.743746,2.6000001,3517.7,1066.6666666666667,2980.0,2858.3333333333335,94.27
2024-06-19,24.48333,6.7999997,3966.9,1250.3333333333333,3241.0,3000.0,94.27
2024-06-20,25.595835,2.3000002,3723.9,1166.6666666666667,3284.0,3083.6666666666665,94.27
2024-06-21,25.850004,0.8000001,4958.7,1250.3333333333333,3332.3333333333335,3117.0,94.27
2024-06-22,25.122917,20.6,3261.9,1100.0,3270.6666666666665,3066.6666666666665,94.27
2024-06-23,25.018751,19.800003,126.0,1151.0,3200.0,3050.0,94.27
2024-06-24,26.052084,10.500001,2541.8,1133.3333333333333,3386.6666666666665,3175.0,94.27
2024-06-25,25.422915,6.2999997,2954.8,1166.6666666666667,3335.6666666666665,3103.6666666666665,94.27
2024-06-26,24.65625,8.499999,2630.1,1033.3333333333333,3086.6666666666665,2783.6666666666665,94.27
2024-06-27,24.2125,14.599999,1758.7,1100.0,3204.0,2900.0,94.27
2024-06-28,24.695837,2.5999997,1740.7,1000.0,3131.3333333333335,2900.6666666666665,94.27
2024-06-29,24.454165,5.699999,1580.9,1004.0,3156.6666666666665,2936.6666666666665,94.27
2024-06-30,23.810417,11.3,503.4,1012.0,3200.0,2960.0,94.27
2024-07-01,23.991669,6.9000006,1991.5,1150.6666666666667,3200.3333333333335,3008.3333333333335,94.27
2024-07-02,24.145834,3.2999997,2479.7,1250.3333333333333,3274.0,3058.3333333333335,94.27
2024-07-03,24.27917,3.8999999,2703.3,1133.3333333333333,3183.3333333333335,3000.0,94.27
2024-07-04,24.137497,5.299999,2551.3,1237.3333333333333,3205.6666666666665,3000.0,94.27
2024-07-05,23.852083,15.200002,2083.0,1234.0,3181.6666666666665,2975.0,94.27
2024-07-06,24.57708,2.6999996,2337.1,1100.0,3186.0,2959.0,94.27
2024-07-07,24.047918,6.2,85.0,1200.0,3105.0,2950.0,94.27
2024-07-08,24.199999,24.7,2459.6,1054.0,3130.6666666666665,2850.3333333333335,94.27
2024-07-09,24.18125,3.8999996,1718.8,1133.3333333333333,3107.3333333333335,2867.0,94.27
2024-07-10,23.406252,26.1,1967.0,1100.0,3114.6666666666665,2867.0,94.27
2024-07-11,23.993753,14.000001,2185.9,1200.0,3094.0,2850.0,94.27
2024-07-12,23.433332,46.900005,2343.3,1104.0,3117.3333333333335,2900.0,94.27
2024-07-13,23.904165,1.5000001,1100.5,1138.0,3080.5,2900.0,94.27
2024-07-14,24.558332,3.2,69.7,1300.0,3021.0,2875.0,94.27
2024-07-15,24.831251,3.6999996,1954.9,1317.3333333333333,3037.3333333333335,2858.6666666666665,94.27
2024-07-16,24.033333,4.4999995,1218.5,1300.0,3000.0,2825.0,94.27
2024-07-17,24.079165,5.8,1123.0,1250.0,3060.5,2825.0,94.27
2024-07-18,23.839582,9.799999,1427.5,1250.0,3025.5,2787.5,94.27
2024-07-19,23.885416,4.8000007,1476.5,1250.0,2985.5,2762.5,94.27
2024-07-20,23.885416,8.7,2236.5,1200.0,2953.3333333333335,2733.6666666666665,94.27
2024-07-21,23.312502,22.2,112.0,1800.0,2911.0,2801.0,94.27
2024-07-22,23.324999,21.1,1216.5,1100.0,2990.0,2787.5,94.27
2024-07-23,23.124998,39.100002,2199.0,1058.3333333333333,3009.0,2775.0,94.27
2024-07-24,23.0,29.599998,1928.7,1147.0,2979.3333333333335,2763.3333333333335,94.27
2024-07-25,23.597918,6.5999985,2235.6,1166.6666666666667,2917.0,2738.6666666666665,94.27
2024-07-26,23.506248,7.1999993,2282.7,1066.6666666666667,2936.6666666666665,2685.0,94.27
2024-07-27,23.402082,17.499998,2082.9,1083.6666666666667,2893.3333333333335,2683.6666666666665,94.27
2024-07-28,23.827082,18.000002,125.0,1400.0,2809.0,2750.0,94.27
2024-07-29,24.035414,3.5999992,2144.6,1117.3333333333333,2870.6666666666665,2683.3333333333335,94.27
2024-07-30,24.243752,8.600001,2144.0,1033.3333333333333,2873.3333333333335,2700.0,94.27
2024-07-31,23.843748,6.1,2072.6,1170.3333333333333,2838.0,2673.3333333333335,94.27
2024-08-01,23.497915,10.3,2304.5,1166.6666666666667,2837.0,2700.0,94.27
2024-08-02,23.277082,14.8,2305.0,1154.6666666666667,2841.3333333333335,2700.0,94.27
2024-08-03,23.127083,17.800003,1907.1,1200.0,2849.0,2725.3333333333335,94.27
2024-08-04,23.597916,3.9,69.5,1601.0,2921.0,2800.0,94.27
2024-08-05,24.025,3.2,1819.6,1166.6666666666667,2968.0,2867.0,94.27
2024-08-06,24.20417,3.2,2364.4,1265.3333333333333,3006.6666666666665,2920.3333333333335,94.27
2024-08-07,23.64583,2.9,2765.9,1333.3333333333333,3184.6666666666665,3030.0,94.27
2024-08-08,23.097916,2.4999995,3263.7,1470.0,3300.6666666666665,3090.3333333333335,94.27
2024-08-09,24.012497,3.8999999,2423.7,1470.0,3235.0,3090.3333333333335,94.27
2024-08-10,23.858335,2.1,2382.5,1764.0,3419.6666666666665,3316.6666666666665,94.27
2024-08-11,23.908333,5.4999995,207.4,1800.0,3651.0,3450.0,94.27
2024-08-12,24.697916,3.3999999,3905.3,1633.3333333333333,3717.0,3446.6666666666665,94.27
2024-08-13,24.556246,1.3000001,1385.0,2000.0,3601.0,3450.0,94.27
2024-08-14,24.672918,1.7,2577.4,1550.0,3451.0,3300.0,94.27
2024-08-15,24.829165,1.8000001,1340.0,2000.0,3480.0,3300.0,94.27
2024-08-16,24.845833,2.6999998,2338.6,1533.6666666666667,3398.3333333333335,3233.3333333333335,94.27
2024-08-17,25.039581,16.100004,2177.2,1567.0,3402.0,3275.0,94.27
2024-08-18,25.0625,10.7,81.0,1500.0,3400.0,3300.0,94.27
2024-08-19,24.385416,28.7,590.0,1600.0,3386.0,3280.5,94.27
2024-08-20,24.789587,17.5,1321.4,1566.6666666666667,3547.6666666666665,3453.3333333333335,94.27
2024-08-21,24.764582,23.900003,2188.7,1694.0,3800.0,3700.0,94.27
2024-08-22,24.581251,10.799999,2640.1,1636.6666666666667,3986.0,3736.6666666666665,94.27
2024-08-23,23.15,21.2,2094.2,1700.0,3995.0,3825.0,94.27
2024-08-24,22.4625,27.0,1475.6,1600.0,3993.0,3710.0,94.27
2024-08-25,22.44792,20.700005,560.0,2000.0,4100.0,3720.0,94.27
2024-08-26,22.4375,6.7999988,1415.3,2000.5,3946.0,3787.5,94.27
2024-08-27,22.510414,10.300001,1921.6,1803.6666666666667,4013.0,3783.3333333333335,94.27
2024-08-28,23.200003,4.5999994,1859.0,1800.0,3942.3333333333335,3700.0,94.27
2024-08-29,23.566666,1.7,2025.6,1584.0,3767.0,3576.6666666666665,94.27
2024-08-30,24.154167,1.4000001,1806.0,1500.0,3699.0,3491.6666666666665,94.27
2024-08-31,23.954165,0.5,1449.4,1800.0,3850.6666666666665,3676.6666666666665,94.27
2024-09-01,22.527082,19.8,290.0,1500.0,3800.0,3550.0,94.27
2024-09-02,23.372917,4.1,353.6,2201.0,4285.0,4050.0,94.27
2024-09-03,23.914583,2.3999996,1936.2,2333.6666666666665,4700.333333333333,4091.6666666666665,94.27
2024-09-04,23.602081,7.9999995,1841.1,2000.0,4100.0,3925.0,94.27
2024-09-05,23.822916,4.6,1442.4,1750.3333333333333,4184.333333333333,4033.3333333333335,94.27
2024-09-06,24.045832,2.6,1216.6,2000.0,4158.0,3966.6666666666665,94.27
2024-09-07,24.087502,1.9000002,261.5,2100.0,4013.0,2900.0,94.27
2024-09-08,23.879166,3.6,261.5,2100.0,4013.0,2900.0,94.27
2024-09-09,24.139582,1.6000001,1378.9,2270.3333333333335,3983.6666666666665,3731.6666666666665,94.27
2024-09-10,23.979166,1.6000001,1360.8,1950.3333333333333,4154.333333333333,3933.3333333333335,94.27
2024-09-11,23.356253,0.90000004,1371.2,2317.3333333333335,4330.333333333333,3970.3333333333335,94.27
2024-09-12,23.145834,2.0,1372.2,2316.6666666666665,4519.333333333333,4106.666666666667,94.27
2024-09-13,22.606253,2.3,1220.6,2300.0,4697.666666666667,4183.333333333333,94.27
2024-09-14,22.856253,1.3,1386.9,2733.3333333333335,5004.0,4691.666666666667,94.27
2024-09-15,23.812494,0.4,65.0,2691.0,4770.0,4700.0,94.27
2024-09-16,22.731249,1.0,863.9,2504.0,5089.666666666667,4786.666666666667,94.27
2024-09-17,23.35,0.3,379.7,2500.0,4757.5,4575.0,94.27
2024-09-18,23.68958,7.6,962.5999999999999,2700.0,4721.0,4533.333333333333,94.27
2024-09-19,24.016665,1.3,827.9,2500.3333333333335,4784.666666666667,4558.333333333333,94.27
2024-09-20,24.393751,0.2,989.3,2666.6666666666665,4921.0,4720.333333333333,94.27
2024-09-21,24.220835,3.6,1089.2,2990.0,4971.333333333333,4750.0,94.27
2024-09-22,24.50833,10.0,28.6,2404.0,4853.0,4700.0,94.27
2024-09-23,24.56458,12.400001,1117.0,2873.3333333333335,5011.0,4773.333333333333,94.27
2024-09-24,23.885416,39.5,1478.2,3000.0,4988.0,4766.666666666667,94.27
2024-09-25,23.174997,50.199997,612.2,4000.0,4962.0,4770.0,94.27
2024-09-26,22.94375,11.3,1513.9,2733.3333333333335,4845.666666666667,4600.0,94.27
2024-09-27,23.63125,46.699997,1257.3,2633.3333333333335,4685.333333333333,4433.666666666667,94.27
2024-09-28,23.808332,1.3000001,1199.5,2466.6666666666665,4470.333333333333,4217.0,94.27
2024-09-29,24.556246,1.7,53.2,2510.0,4140.0,4000.0,94.27
2024-09-30,25.51042,0.2,1063.9,2477.3333333333335,4244.0,3883.3333333333335,94.27
2024-10-01,25.256248,2.5,841.7,2566.6666666666665,4215.666666666667,3966.6666666666665,94.27
2024-10-02,24.860415,0.4,185.0,2500.0,4400.0,4200.0,94.27
2024-10-03,24.30625,1.0,739.9,2600.0,4720.333333333333,4441.666666666667,94.27
2024-10-04,24.339579,0.2,926.9,2860.0,4820.666666666667,4515.0,94.27
2024-10-05,24.272913,2.2,1028.1,2667.0,4597.666666666667,4373.666666666667,94.27
2024-10-06,25.360418,0.2,73.5,2500.0,4350.0,4250.0,94.27
2024-10-07,25.46667,0.0,73.5,2500.0,4350.0,4250.0,94.27
2024-10-08,24.135414,9.099999,73.5,2500.0,4350.0,4250.0,94.27
2024-10-09,23.6625,8.9,788.1,2513.3333333333335,4384.333333333333,4250.0,94.27
2024-10-10,23.44583,12.300001,600.0,2333.3333333333335,4362.666666666667,4133.333333333333,94.27
2024-10-11,24.010414,7.1,703.7,2566.6666666666665,4498.666666666667,4350.333333333333,94.27
2024-10-12,24.05625,5.7,744.3,2366.6666666666665,3980.6666666666665,3700.0,94.27
2024-10-13,24.016668,2.3,21.0,2301.0,4053.0,3900.0,94.27
2024-10-14,24.606249,0.4,1012.1,2157.0,4268.0,3893.3333333333335,94.27
2024-10-15,24.950003,1.0,1065.0,2484.0,4430.0,4017.0,94.27
2024-10-16,24.527084,0.0,910.5,2500.0,4467.333333333333,4060.3333333333335,94.27
2024-10-17,25.177084,6.4,960.3,1933.3333333333333,4071.6666666666665,3733.6666666666665,94.27
2024-10-18,23.691668,14.900001,973.6,2600.0,4388.666666666667,3991.6666666666665,94.27
2024-10-19,22.912498,19.7,942.1,2433.3333333333335,4349.0,4017.0,94.27
2024-10-20,23.0875,12.200001,40.0,2300.0,4500.0,4300.0,94.27
2024-10-21,23.618752,0.90000004,858.9,1866.6666666666667,4325.666666666667,3684.0,94.27
2024-10-22,24.204168,0.2,603.9,2006.6666666666667,3933.6666666666665,3792.0,94.27
2024-10-23,23.5625,0.0,765.9,2866.6666666666665,4757.333333333333,4583.333333333333,94.27
2024-10-24,23.137499,0.0,813.7,2766.6666666666665,4874.0,4566.666666666667,94.27
2024-10-25,22.962502,0.0,940.5,1925.3333333333333,4080.6666666666665,3700.6666666666665,94.27
2024-10-26,23.885416,0.0,745.8,2950.0,4708.0,4400.0,94.27
2024-10-27,24.02083,0.0,145.0,2000.0,4616.0,4400.0,94.27
2024-10-28,24.747917,0.0,327.5,2150.0,4975.5,4350.0,94.27
2024-10-29,24.229166,0.0,227.0,2150.0,4600.0,4400.5,94.27
2024-10-30,24.539583,0.0,147.5,2300.0,4600.0,4451.0,94.27
2024-10-31,24.522919,0.0,147.5,2300.0,4600.0,4451.0,94.27
2024-11-01,24.212502,0.0,147.5,2300.0,4600.0,4451.0,94.27
2024-11-02,23.745832,0.0,40.0,2000.0,4501.0,4350.0,94.27
2024-11-03,23.881248,0.0,40.0,2000.0,4501.0,4350.0,94.27
2024-11-04,23.766665,0.0,214.4,2625.5,5170.0,4740.5,94.27
2024-11-05,23.414587,0.0,407.6,2517.6666666666665,5254.0,4866.666666666667,94.27
2024-11-06,22.635416,0.0,504.3,2233.3333333333335,5134.0,4533.333333333333,94.27
2024-11-07,22.743746,0.0,536.7,2667.0,5600.0,5183.666666666667,94.27
2024-11-08,22.84375,0.0,528.8,3100.3333333333335,6111.666666666667,5625.0,94.27
2024-11-09,22.681252,0.0,509.2,2066.6666666666665,4967.0,4283.666666666667,94.27
2024-11-10,22.458336,0.0,1.5,3900.0,4700.0,4700.0,94.27
2024-11-11,22.514585,0.0,675.9,2767.0,5296.666666666667,4800.333333333333,94.27
2024-11-12,22.947916,0.0,819.1,3066.6666666666665,5631.0,5217.0,94.27
2024-11-13,23.62292,0.0,957.0,3033.6666666666665,5873.666666666667,5166.666666666667,94.27
2024-11-14,24.800001,0.0,1058.3,2770.3333333333335,5819.0,5250.666666666667,94.27
2024-11-15,25.006248,0.0,1085.0,2963.6666666666665,5527.0,4891.666666666667,94.27
2024-11-16,24.404167,0.0,1039.8,2466.6666666666665,4928.333333333333,4600.0,94.27
2024-11-17,22.941668,0.0,469.4,1600.0,4900.0,4500.0,94.27
2024-11-18,22.083334,0.0,1591.7,2333.3333333333335,5318.666666666667,4400.333333333333,94.27
2024-11-19,21.685417,0.0,1422.1999999999998,2267.0,5332.333333333333,4507.0,94.27
2024-11-20,21.791666,0.0,1086.8,2700.0,5601.0,5000.0,94.27
2024-11-21,21.724998,0.0,1404.8,2927.0,5193.666666666667,4813.666666666667,94.27
2024-11-22,22.2125,0.0,1534.6,2000.3333333333333,5181.0,4467.0,94.27
2024-11-23,22.05625,0.0,1086.6,2133.3333333333335,5000.0,4108.333333333333,94.27
2024-11-24,21.331251,0.0,30.0,2200.0,5399.0,5100.0,94.27
2024-11-25,20.933332,0.0,1659.0,2033.3333333333333,4350.666666666667,3700.0,94.27
2024-11-26,20.714582,0.0,1695.2,2680.0,4800.333333333333,4466.666666666667,94.27
2024-11-27,20.656248,0.0,1764.0,2100.0,4487.0,3850.3333333333335,94.27
2024-11-28,20.002085,0.0,829.1,2250.0,5500.5,4520.0,94.27
2024-11-29,20.077085,0.0,783.6,1500.0,5500.0,4300.0,94.27
2024-11-30,21.579165,0.0,783.6,1500.0,5500.0,4300.0,94.27
2024-12-01,23.441666,0.0,783.6,1500.0,5500.0,4300.0,94.27
2024-12-02,24.356249,0.70000005,3295.3,2233.3333333333335,4718.333333333333,3900.3333333333335,94.27
2024-12-03,24.852083,0.3,3160.3,1793.3333333333333,4331.0,3573.6666666666665,94.27
2024-12-04,24.570833,0.8,2612.8,1666.6666666666667,4166.666666666667,3366.6666666666665,94.27
2024-12-05,24.833334,0.0,2763.9,1675.0,4496.666666666667,3650.3333333333335,94.27
2024-12-06,23.110415,0.0,3041.4,1866.6666666666667,4317.333333333333,3366.6666666666665,94.27
2024-12-07,20.410416,0.0,1781.9,2217.0,4254.0,3600.6666666666665,94.27
2024-12-08,18.885416,0.0,250.0,2000.0,4111.0,3700.0,94.27
2024-12-09,18.658333,0.0,3929.0,2140.3333333333335,4400.0,3633.3333333333335,94.27
2024-12-10,20.241667,0.0,3784.9,2033.3333333333333,4363.333333333333,3591.6666666666665,94.27
2024-12-11,20.66875,0.0,734.2,1600.0,4026.0,3400.0,94.27
2024-12-12,19.458332,0.0,2806.4,1433.3333333333333,4400.666666666667,3466.6666666666665,94.27
2024-12-13,18.777082,0.0,3665.2,1466.6666666666667,4017.0,3170.6666666666665,94.27
2024-12-14,19.033335,0.0,3534.6,1200.3333333333333,3447.0,2650.0,94.27
2024-12-15,19.683332,0.0,2379.5,1100.0,3641.0,2700.0,94.27
2024-12-16,20.310415,0.0,4367.8,1200.3333333333333,3183.6666666666665,2367.0,94.27
2024-12-17,20.608332,0.0,5153.4,1200.3333333333333,2884.3333333333335,2100.0,94.27
2024-12-18,20.654167,0.0,4723.9,1033.3333333333333,2550.3333333333335,1833.6666666666667,94.27
2024-12-19,21.0875,0.0,3912.2,866.6666666666666,2605.3333333333335,1866.6666666666667,94.27
2024-12-20,21.641668,0.0,4099.9,866.6666666666666,2354.3333333333335,1866.6666666666667,94.27
2024-12-21,20.866665,0.0,3678.6,766.6666666666666,2367.3333333333335,1883.6666666666667,94.27
2024-12-22,20.991669,0.2,2053.5,700.0,2851.0,2000.0,94.27
2024-12-23,21.18958,0.0,3970.0,766.6666666666666,2438.6666666666665,1708.3333333333333,94.27
2024-12-24,22.202085,0.0,4057.0,830.3333333333334,2368.6666666666665,1816.6666666666667,94.27
2024-12-25,22.56458,0.1,2527.2000000000003,866.6666666666666,2328.0,1908.3333333333333,94.27
2024-12-26,22.462502,0.70000005,3382.2,800.0,2435.0,2058.3333333333335,94.27
2024-12-27,22.139582,1.0,3654.1000000000004,966.6666666666666,2587.0,2208.3333333333335,94.27
2024-12-28,22.158333,0.1,3124.0,1000.0,2732.3333333333335,2373.3333333333335,94.27
2024-12-29,22.833334,0.0,800.5,1000.0,2700.0,2300.0,94.27
2024-12-30,22.760416,0.0,2706.8,1000.0,2929.6666666666665,2550.3333333333335,94.27
2024-12-31,22.760416,0.0,4386.7,1033.3333333333333,3116.6666666666665,2650.0,94.27
